query,locale,status,intent,realistic_shot_12mo,pillar,target_page,gsc_impressions,gsc_position,volume,volume_source,serp_owner_type,reasoning
ניהול קמפיין ממומן בגוגל,he,Target,Money,High,paid-ads,https://www.aiterra.co.il/blog/google-ads-campaigns,288,23.7,GSC: 288 impr/89d @ pos 23.7,GSC,"Guide-leaning mix: seo-agent.io, elevatad, blaze, mintz.digital guides + probiz/gross-digital service pages; support.google.com at #2; Aiterra already #10 on DuckDuckGo-IL","The single best asset in the pillar and the only usable position Aiterra holds. The ממומן variant is guide-leaning, which is exactly why the 696-word blog post ranks here and the service page does not. Do NOT convert this post to a service page — that would destroy the only ranking asset. Upgrade it in place: per-industry figures, the three pricing models, and structure aimed at the four domains Google's AI answer cites."
תחזוקת אתר אינטרנט,he,Target,Money,High,maintenance,NEW: /services/maintenance,141,26.5,GSC: 141 impr/89d @ pos 26.5,GSC,Same fragmented studio/freelancer field as the head term,Position 26.5 with no service page at all. Also the phrasing Google's own autocomplete prefers — it appends אינטרנט as the disambiguator. Note 11 impressions of this query still leak to the retired /v2/ duplicate at pos 69.4.
עלות תחזוקת אתר אינטרנט,he,Target,Money,High,maintenance,/blog/website-maintenance-cost-yearly,91,22.1,GSC: 91 impr/89d @ pos 22.1,GSC,"maimonweb.com #1 on a 2024-dated ~1,200-word page with NO FAQ, ranking purely because it names uPress, Vangus, SPD, JetServer, LiveDNS and Domain The Net with shekel prices. 4 of the top 18 are בניית אתרים build-cost pages — the engine has not cleanly separated 'cost to build' from 'cost to keep'","Third-best position in the pillar, against a beatable #1. Two exploitable angles: name real Israeli infrastructure with current prices (the incumbent's numbers are dated 2024-07-08), and explicitly separate build cost from keep cost in the H1, which answers a question this SERP currently answers badly. 6 impressions leak to the /v2/ duplicate."
אחזקת אתר,he,Target,Money,High,maintenance,NEW: /services/maintenance,82,22.3,GSC: 82 impr/89d @ pos 22.3,GSC,leos.co.il and wemanage.co.il hold /אחזקת-אתרים/ URLs; otherwise the same studio field,"The אחזקה spelling variant, already at 22.3 and under-served by competitors who mostly spell it תחזוקה. WARNING: Google's autocomplete attaches 'אתרים אחזקת מבנים' (building/facilities maintenance) to this stem, so any page targeting it must carry אתר אינטרנט in the same phrase or it will attract the wrong industry."
אחזקת אתר אינטרנט,he,Target,Money,High,maintenance,NEW: /services/maintenance,75,31.8,GSC: 75 impr/89d @ pos 31.8,GSC,Same field; maimonweb.com ranks #1 on the cost variant of this phrasing,"The fully-disambiguated אחזקה variant — carries the אינטרנט qualifier that removes the facilities-maintenance collision. Position 31.8 against structurally weak pages (maimonweb ranks #1 nearby on a 2024-dated 1,200-word page with no FAQ)."
כמה עולה קידום אתרים בגוגל,he,Target,Money,High,seo-organic,/blog/seo-cost-monthly-israel,69,42.2,GSC: 69 impr/89d @ pos 42.2,GSC,"Vendor pricing guides + two aggregators — combar (₪1,600/2,600/4,000 table in the snippet), adactive/seo_price, lowcost-seo (649/1,749/2,249 ₪), avinu (renders a ₪2,000–₪5,000 Offer range PLUS 5.0·47 review stars), thelist.co.il, nirazo, leos, danielzrihen, masamedia","Best volume x position in the entire pillar and the only place Aiterra ranks on a page a human reaches. The gap is FORMAT not authority: every ranking page surfaces a ₪ table in the snippet and Aiterra's 748-word post has zero tables and 10 ₪ mentions in prose. avinu is live proof Offer + AggregateRating render in this exact SERP. PAA on this SERP ('לפי מה נקבע מחיר קידום אתרים?', 'האם קיים מחירון קידום אתרים?', 'כמה עולה קידום אתר בישראל?') gives the H2 structure for free."
כמה עולה תחזוקת אתר,he,Target,Money,High,maintenance,/blog/website-maintenance-cost-yearly,47,19.4,GSC: 47 impr/89d @ pos 19.4,GSC,"Pricing guides written by agencies and freelancers — no neutral publisher, no comparison portal anywhere in the cluster","Second-best position in the pillar and the cheapest win available. The existing post already targets exactly this; it needs prices re-cut to ₪/month with ₪/year secondary, and named Israeli hosts and registrars with real prices — the single change that put maimonweb at #1 on the sibling query."
כמה עולה להחזיק אתר,he,Target,Money,High,web-dev,/blog/website-cost-israel-2026,41,28.3,GSC: 41 impr/89d @ pos 28.3,GSC,[unverified - SERP not fetched; GSC shows we already surface here],"The bridge row. Google already ranks Aiterra 18–30 across the maintenance cost family (~1,400 impressions) while the build-cost family produces 1 impression — same buyer, two moments, and we have credibility on the second. A 'total first-year cost' page (build + hosting + SSL + domain + accessibility + plugin licences + maintenance) is the only piece of content that connects the cluster we cannot reach to the one we already hold. Nothing on the price SERPs computes that figure."
כמה עולה להחזיק אתר,he,Target,Money,High,maintenance,/blog/website-maintenance-cost-yearly,41,28.3,GSC: 41 impr/89d @ pos 28.3,GSC,Agency-authored cost guides,"Already at 28.3. CAUTION on this exact string: Google's autocomplete for the prefix כמה עולה להחזיק is overwhelmingly non-website (רכב, כלב, סוס, סירה, יאכטה, מטוס, בריכה, בית) — roughly 50 of the 79 suggestions I harvested. Target it only as a phrase that includes אתר, never as a standalone prefix pattern."
בניית אתרים בת ים,he,Target,Money,High,web-dev,NEW: /services/web-development-bat-yam,28,15.6,GSC: 28 impr/89d @ pos 15.6 (/blog/web-development-bat-yam). Absolute volume [unverified - needs Keyword Planner],GSC,"directories (d.co.il ~1, b144 ×2) + out-of-town agencies running boilerplate city pages (webcompany, gothamsitestudio); one course provider","The single best-evidenced position in the whole pillar and the only GSC-proven top-20 rank. No agency homepage owns this SERP — it is directories plus out-of-town boilerplate, which a genuinely local business can beat on relevance. Honest counterweight: Google autocomplete returns NOTHING for this string (while it does suggest בחיפה and בירושלים), so it is winnable because it is small. Move the win off a blog post onto a real service page and pursue d.co.il / b144 / midrag listings, which is placement work, not ranking work."
בניית אתרים בת ים,he,Target,Money,High,branding-local,/blog/web-development-bat-yam,28,15.6,GSC: 28 impr/89d @ pos 15.6 (0 clicks). SERP: Google autocomplete (hl=iw&gl=il) returns ZERO suggestions for this string across a full 48-probe alphabet expansion — real but deep-tail. Absolute volume [unverified - needs Keyword Planner],GSC,"directories at the top (d.co.il slot 1, b144 slots 7-8) + templated agency doorway city pages (webcompany, gothamsitestudio) + one COURSE page","The only proven commercial position in the whole pillar and the only city where Aiterra appears in GSC at all. Keep the URL — moving a pos-15.6 page is a needless risk; add LocalBusiness/Service schema, GBP linkage and real Bat Yam proof instead. Be clear-eyed about the ceiling: zero autocomplete extensions and zero Trends presence mean going 15.6 -> 3 buys a handful of clicks/month. Do it because it is cheap, not because it moves revenue."
חיבור וואטסאפ api,he,Target,Money,High,automation,/blog/whatsapp-business-api-crm-integration,8,14.6,"GSC: 8 impr/89d @ pos 14.6 (also 12-mo: 8 impr @ 14.6, landing /blog/whatsapp-business-api-crm-integration). Absolute volume [unverified - needs Keyword Planner]",GSC,"mixed — 1 large IT integrator (consist.co.il), 2-3 agencies (allchat.co.il, effilo.co.il), 1 vendor KB; no directory, no encyclopedia","Best position-to-effort ratio in the pillar. Aiterra is already page-2 on a SERP that has real agency slots and no vendor moat, off a 687-word post. Phase 2 found nobody in that SERP answers the official-vs-grey-tool compliance question AND per-conversation pricing in shekels for an Israeli BSP. Expanding the existing post is cheaper than any new page here."
קידום אתרים בת ים,he,Target,Money,High,seo-organic,NEW: /services/seo/bat-yam,4,65.8,"GSC: 4 impr/89d @ pos 65.8 — and it currently lands on /blog/web-development-bat-yam, the wrong page entirely",GSC,Directories + templated city pages + a LOCAL PACK. SERP: d.co.il (דפי זהב) shows 'נמצאו 5' providers for the whole city; easy.co.il lists Seo Fix (23 ביקורות) and NirocoM (5 ביקורות); seoagency.co.il/seo/local/seo-in-bat-yam is a programmatic city page; batim.org.il vendor page; plus a Google local business panel ('SEO co · 5.0 · 17 ביקורות') and a linkme.organic paid ad,"The thinnest SERP in the pillar and Aiterra is physically inside it (Ha-Rav Nisanbaum 37, Bat Yam). Five providers in the whole דפי זהב category. Google's own AI overview on this query already quotes ₪1,500/₪3,000 tiers from פורטל בתים and גי פי אר, so a real local page with real prices answers it directly. Aiterra already holds GSC pos 15.6 on בניית אתרים בת ים — the best non-branded position anywhere on the site — proving local proximity works for this domain."
ניהול קמפיין ממומן,he,Target,Money,High,paid-ads,https://www.aiterra.co.il/blog/google-ads-campaigns,3,8.7,GSC: 3 impr/89d @ pos 8.7,GSC,Same guide-leaning cluster as the בגוגל variant,Already at 8.7 — page one. Trends-relative 62 within the קמפיין ממומן family (vs קמפיין ממומן בגוגל at 100). Tiny impression count but it proves the post can hold page-one for this phrasing family; worth an explicit H2 rather than a new page.
כמה עולה קידום אתרים בגוגל?,he,Target,Money,High,seo-organic,/blog/seo-cost-monthly-israel,3,39.7,GSC: 3 impr/89d @ pos 39.7,GSC,Same vendor-pricing SERP as the unpunctuated form,"Question-mark variant Google treats as the same SERP. Free win — no separate work, it rides on the same page. Recorded so the reporting picks it up."
קידום אורגני' מחיר,he,Target,Money,High,seo-organic,/blog/seo-cost-monthly-israel,3,22.7,GSC: 3 impr/89d @ pos 22.7 on the /v2 duplicate vs 34.0 canonical,GSC,Same as קידום אורגני מחיר,"Stray geresh typo — exactly how Israelis mistype on a Hebrew keyboard. Worth recording because it proves the /v2 split is systematic across the price cluster, not a one-off."
קידום אורגני מחיר,he,Target,Money,High,seo-organic,/blog/seo-cost-monthly-israel,2,21.5,GSC: 2 impr/89d @ pos 21.5 on the /v2 DUPLICATE; the canonical /blog URL sits at pos 33.0,GSC,Vendor pricing pages; webby.co.il puts 'קידום אורגני מ-800 ₪ לחודש' straight in the title tag,"Aiterra's single best position in the pillar (21.5) and it is on the WRONG URL. /v2/blog/seo-cost-monthly-israel out-ranks the canonical by 11.5 places. Killing the duplicate is a bigger win here than any content edit, and it costs nothing. Trends: this term is also the #3 related query for 'קידום אורגני' at relative index 50 (IL 12mo) — relative shape only, not a volume."
כמה עולה בניית אתר תדמיתי,he,Target,Money,High,web-dev,/blog/website-cost-israel-2026,1,1.0,GSC: 1 impr/12mo @ pos 1.0 (/blog/website-cost-israel-2026),GSC,small agency pricing guides + one training company + one directory price page (midrag); no recognisable brand,"Position 1.0 on real Google is proof this domain CAN rank in this cluster — the problem is reach, not authority. Note the spelling: Trends confirms תדמיתי (not תדמית) is the live variant here, returning it as the sole related query for בניית אתר תדמית at relative index 100 and flagged עלייה חדה. The page currently under-targets the תדמיתי spelling."
קידום אתרים אורגני מחיר,he,Target,Money,High,seo-organic,/blog/seo-cost-monthly-israel,1,33.0,GSC: 1 impr/89d @ pos 33.0,GSC,Vendor pricing pages,"Longest, most explicit organic-price phrasing. Low impressions but position 33 with no ₪ table at all — a table plus Offer markup should move it inside two crawl cycles."
כמה עולה קידום אורגני בגוגל,he,Target,Money,High,seo-organic,/blog/seo-cost-monthly-israel,1,1.0,GSC: 1 impr/89d @ pos 1.0 (both the canonical and the /v2 URL report pos 1.0),GSC,Thin — Aiterra is already the top result on the impressions it received,"Position 1.0 on one impression. Statistically meaningless on its own, but it is proof the post CAN hold rank 1 on a sufficiently specific organic-price phrasing. Build the ₪ table around exactly this phrasing rather than the broader 'קידום אתרים' framing."
כמה עולה קידום אורגני,he,Target,Money,High,seo-organic,/blog/seo-cost-monthly-israel,1,29.0,GSC: 1 impr/89d @ pos 29.0,GSC,Vendor pricing guides,"Same page, same fix. The whole 'קידום אורגני + מחיר/עלות/כמה עולה' family sits at 21–33 while the 'קידום אתרים' framing sits at 42–95 — Google already associates Aiterra with the ORGANIC word, not the generic one. Lean into אורגני in the H1 and title."
חיבור אוטומציות ל-crm,he,Target,Money,High,automation,/blog/business-automation-crm-whatsapp,1,13.0,"GSC: 1 impr/89d @ pos 13.0 (12-mo: same, landing /blog/business-automation-crm-whatsapp). Absolute volume [unverified - needs Keyword Planner]",GSC,not fetched for this exact string; the adjacent 'חיבור CRM לחשבונית ירוקה' SERP is 5 of 8 agencies/integrators,"Position 13 on one impression is statistically thin, but it fits the pillar's only reliable pattern: every Aiterra position under 21 is a blog post naming a real tool. Cheap to defend, and it is the exact phrasing of the service Aiterra sells."
חברת ניהול קמפיינים,he,Target,Money,High,paid-ads,https://www.aiterra.co.il/services/marketing,,,"[unverified - needs Keyword Planner] — live Google autocomplete suggestion (hl=iw&gl=il, 2026-09-07)",unverified,"SERP: ncymedia, jdn.co.il (news-portal consumer section), yyb, sigmora, kroyzer, shalbetadv, campaigner.co.il (exact-match domain), ziv-marketing, brand-formance, advancesdigital — all small agency homepages, NO boostit, NO probiz, NO Google-owned slots","The softest commercial SERP I fetched in the entire pillar, and I checked nineteen. Not one of the 15-to-19-year PPC shops that own the head term appears here, and Google's own properties take zero slots. This — not ניהול קמפיינים בגוגל — is what a rebuilt service page should be aimed at."
דף נחיתה עם סליקה,he,Target,Money,High,paid-ads,NEW: /blog/landing-page-with-payment-israel,,,"[unverified - needs Keyword Planner] — live Google autocomplete suggestion (hl=iw&gl=il, 2026-09-07); parent term דף נחיתה is Trends 13-54 across the 12-month daily series, the only term in this pillar's orbit that is not at the floor",unverified,"SERP: owned by PAYMENT PROCESSORS, not agencies — tranzila.com x2, creditguard.co.il, hyp.co.il, greeninvoice.co.il/magazine, smoove.io, websiteplanet + only ONE real agency guide (jonnystudio.co.il #2)","The best single find of this pass. Six of ten slots are vendors selling a product rather than anyone answering the question, and the subject matter is the Israeli payment and invoicing stack — Tranzila, CreditGuard, HYP, חשבונית ירוקה — which is exactly where Aiterra's existing crm-israeli-invoicing-integration post already lives. Commercial intent, Israeli-only substance that international content structurally cannot cover, and an incumbent set with no editorial motive to defend."
כמה זמן לוקח לבנות דף נחיתה,he,Target,Money,High,paid-ads,NEW: /blog/landing-page-cost-israel,,,"[unverified - needs Keyword Planner] — live Google autocomplete suggestion (hl=iw&gl=il, 2026-09-07)",unverified,,"A timeline question is a late-stage buying question — nobody asks how long it takes unless they intend to commission one. The only כמה זמן suggestion in the entire pillar. One FAQ row on the cost page, essentially free."
חיבור סליקה שופיפיי,he,Target,Money,High,ecommerce,NEW: /blog/shopify-israel-clearing,,,"[unverified - needs Keyword Planner] · Google autocomplete (hl=iw&gl=il): exact self-suggestion, AND appears inside the saturated 10-item block returned for seed 'שופיפיי סליקה' · GSC: 0 rows (below GSC's rare-query threshold) · Trends: below reporting floor",unverified,"Israeli invoicing/acquiring vendors documenting only themselves (icount.co.il/shopify/, invoice4u.co.il/market/shopify/) + small agencies (convo-agency.co.il, sogo.co.il, shopifyisrael.co.il, danielzrihen.co.il). Ranks unverified — Phase 2 SERPs were US-located WebSearch.","Highest-confidence row in the pillar. 'How do I connect clearing to Shopify' is a question no vendor will answer neutrally — each documents only its own product — so the slot is structurally open to a builder. Google returns this as an exact self-suggestion and it sits inside a FULL 10-suggestion block, the densest demand signal I found anywhere here. Aiterra's site contains the Hebrew string שופיפיי zero times, so this is greenfield, and Aiterra already owns this exact content shape in its CRM posts (חשבונית ירוקה, iCount, ריווחית appear there and nowhere else)."
סליקה ווקומרס,he,Target,Money,High,ecommerce,NEW: /services/ecommerce/woocommerce,,,[unverified - needs Keyword Planner] · Google autocomplete: exact self-suggestion (surfaced independently from the 'ווקומרס' seed) · GSC: 0 rows · Trends: below reporting floor,unverified,"Phase 2 §3.8: junami.co.il (/services/woocommerce/), clicky.co.il, webitnow.co.il, ecom-isr.com, web2.co.il — all small-to-mid Israeli agencies, plus one YouTube video. No SaaS incumbent, no international site.","Phase 2 called ווקומרס the softest platform SERP in the pillar and the competitor set backs that: it is agencies only. A self-hosted WooCommerce store owner wiring up an Israeli acquirer is a paying customer with a technical problem, which is precisely Aiterra's positioning. High because the intersection of 'WooCommerce' and 'Israeli clearing' has no incumbent at all — an international WooCommerce publisher cannot write about Cardcom or ישראכרט תשלום רשת."
וואטסאפ עסקי api,he,Target,Money,High,automation,/blog/whatsapp-business-api-crm-integration,,,"Google autocomplete (he/IL, fetched 2026-09-07): suggested. Not a volume. Absolute volume [unverified - needs Keyword Planner]",SERP,same SERP family as חיבור וואטסאפ api — mixed integrator/agency,"A phrasing variant of a query Aiterra already ranks 14.6 for. Autocomplete-verified, so Israelis type it. Costs one H2 and a paragraph on a page Google already trusts."
וואטסאפ ביזנס api,he,Target,Money,High,automation,/blog/whatsapp-business-api-crm-integration,,,Google autocomplete (he/IL): suggested under seed 'וואטסאפ ביזנס' (10 suggestions returned). Absolute volume [unverified - needs Keyword Planner],SERP,mixed integrator/agency; the consumer-support variants of this head are owned by Meta/help sites,"Aiterra's post title literally contains 'וואטסאפ ביזנס (WhatsApp Business API)' — the match already exists. Must stay separated from the consumer-support tail (להורדה / למחשב / נחסם), which is excluded."
תחזוקת אתר אינטרנט מחיר,he,Target,Money,Medium,maintenance,NEW: /services/maintenance,271,53.5,GSC: 271 impr/89d @ pos 53.5,GSC,Price-list service pages: web-site.care ranks #1 on the sibling query with four purchasable tiers (₪190/290/490/690 per month); wemanage.co.il holds 3 of the top 17,"Highest-impression query in the entire pillar, but the worst position of the top four — Google is showing the page a lot and ranking it on page 5. Medium not High because displacing wemanage's multi-URL saturation takes more than one page, and because Aiterra currently quotes prices per YEAR while every ranking competitor quotes per MONTH. 13 further impressions leak to the /v2/ duplicate."
תחזוקת אתרים מחיר,he,Target,Money,Medium,maintenance,NEW: /services/maintenance,197,55.9,GSC: 197 impr/89d @ pos 55.9,GSC,web-site.care/website-maintenance-price-list/ at #1 — a ~800-word page whose entire body is a four-tier price list; digitalsecrets at #5 with published hourly rates plus a real SLA table,"The purest proof that this SERP rewards a published מחירון over depth: the #1 result is only ~800 words. Winnable by publishing monthly tiers with names, scopes and buttons — which Aiterra has none of today."
תחזוקת אתר,he,Target,Money,Medium,maintenance,NEW: /services/maintenance,170,18.4,GSC: 170 impr/89d @ pos 18.4,GSC,"Freelancers + 3-15-person studios on their own domains, ~13 of 20 commercial service pages. Rank 1 is a pricing guide (danielzrihen.co.il). Zero directories, zero aggregators, one YouTube video in 60 results.","The head term and the best commercial position the domain holds anywhere, earned off a 692-word blog post with no service page and a CTA that 308s. Distance to page one is a BUILD gap, not an authority gap. Capped at Medium not High because digitalsecrets advertises 100+ Google reviews at 5.0 on its ranking page while Aiterra ships Organization.sameAs = [] — top-10 is achievable in 12 months, top-3 is not without a review programme."
תחזוקת אתר מחיר,he,Target,Money,Medium,maintenance,NEW: /services/maintenance,101,42.3,GSC: 101 impr/89d @ pos 42.3,GSC,Same price-list field as the sibling מחיר queries,"Autocomplete-confirmed as one of only four suggestions off the bare תחזוקת אתר stem, so it is a genuine head-adjacent phrase rather than a tail variant. Position 42.3 is mid-pack and moves with a real price table."
עלות תחזוקת אתרים,he,Target,Money,Medium,maintenance,/blog/website-maintenance-cost-yearly,53,47.0,GSC: 53 impr/89d @ pos 47.0,GSC,Same cost-guide field; wemanage.co.il/עלות-תחזוקת-אתר-אינטרנט/ and natanelimelech.co.il both hold dedicated cost URLs,Plural cost variant at 47.0. Moves with the same monthly-pricing rewrite that serves the rest of Tier 2 — no separate asset needed.
כמה עולה להחזיק אתר אינטרנט,he,Target,Money,Medium,web-dev,/blog/website-cost-israel-2026,46,49.9,GSC: 46 impr/89d @ pos 49.9,GSC,[unverified - SERP not fetched],"Same intent as the row above, 22 positions worse, which suggests the אינטרנט variant is served by a different set of pages. Same target; it is a heading, not a page."
כמה עולה להחזיק אתר אינטרנט,he,Target,Money,Medium,maintenance,/blog/website-maintenance-cost-yearly,46,49.9,GSC: 46 impr/89d @ pos 49.9,GSC,Agency-authored cost guides,"Autocomplete-confirmed (it is one of the ten maintenance suggestions Google actually returns), and the אינטרנט qualifier protects it from the car/dog/boat collision that afflicts the bare prefix. Position 49.9 is the weakest in Tier 2, hence Medium."
חברה לעיצוב אתרים,he,Target,Money,Medium,branding-local,/services/web-development,36,83.7,GSC: 36 impr/89d @ pos 83.7 (0 clicks),GSC,"[unverified - needs a live IL SERP fetch; firecrawl 402/ETIMEDOUT, Google JS-gated]","Head of a 132-impr/89d Money-intent design cluster whose landing page currently 308s to /services/brochure (re-verified by curl today). Someone typing 'חברה ל…' is shopping for a vendor. This is the largest actionable block in the branding half and the fix is a page restore the owner has already approved, not new content."
אוטומציות לאתרים,he,Target,Money,Medium,automation,NEW: /blog/website-forms-to-crm-automation,35,80.1,"GSC: 35 impr/89d @ pos 80.1, landing the retired /services/automation. NOT returned by autocomplete (below the suggestion threshold). Absolute volume [unverified - needs Keyword Planner]",GSC,"all small Israeli agencies and studios — wedomedia, natanelimelech, tomana.co.il, matara.studio, wsol, mitz. No vendor, no directory","Phase 2 called this the most winnable SERP in the pillar and I agree: it sits exactly on the website-to-CRM seam Aiterra already owns commercially, because Aiterra built the site. The autocomplete miss is a genuine caution flag on volume — 35 impressions in 89 days is the honest ceiling to plan against."
עיצוב ובניית אתרים,he,Target,Money,Medium,branding-local,/services/web-development,35,73.4,GSC: 35 impr/89d @ pos 73.4 (0 clicks),GSC,[unverified - needs a live IL SERP fetch],"The design+build compound is how Israeli SMB buyers actually phrase the whole job, and it is the second-largest orphaned Money query on the site. Position 73.4 is bad, but it was earned by a page that no longer exists — a restored page with real design content starts from a much better place."
קידום בai,he,Target,Money,Medium,seo-organic,/blog/geo-ai-search-optimization,28,78.1,GSC: 28 impr/89d @ pos 78.1 — split across /blog/geo-ai-search-optimization (21) and the /v2 duplicate (7),GSC,Israeli agency AI/GEO service pages and guides; a dataforseo.com paid ad is bidding on the Hebrew term,"Second-largest real GSC row in the AI sub-cluster and the only one under position 90. Note the /v2 duplicate splits this row too. Related searches on the fetched AI SERPs confirm the family: קידום אורגני ai, קידום אתרים ai, קידום ב ai, מה זה geo, קידום geo."
ניהול קמפיין פרסום בגוגל,he,Target,Money,Medium,paid-ads,https://www.aiterra.co.il/blog/google-ads-campaigns,24,46.6,GSC: 24 impr/89d @ pos 46.6,GSC,"Guide-dominated with Google docs at #1, #4 and #9 (Phase 2, DDG-IL)","Third-highest impressions in the pillar and page-five position, so there is room. Three Google-owned slots cap it. Reachable to page two, not page one."
פרסום בגוגל ממומן,he,Target,Money,Medium,paid-ads,https://www.aiterra.co.il/blog/google-ads-campaigns,17,37.1,GSC: 17 impr/89d @ pos 37.1,GSC,Trends related-query index 100 for the פרסום בגוגל family — the strongest member of the only ads term with measurable Trends interest,This is the highest-relative-interest phrasing inside the one ads family Trends actually registers (פרסום בגוגל runs 6-57 across the 12-month series while ניהול קמפיינים בגוגל sits at 0). Aiterra is at 37.1 already. Worth an explicit target.
תחזוקת אתרים,he,Target,Money,Medium,maintenance,NEW: /services/maintenance,17,37.5,GSC: 17 impr/89d @ pos 37.5,GSC,Same field as the singular head term,"The plural head. Low impressions here but this is the ONLY related query Google Trends returns for the pillar (top value 100, rising 'עלייה חדה'), so it is the canonical form in Google's own topic model even though it draws fewer impressions than the singular."
תכנות ועיצוב אתרים,he,Target,Money,Medium,branding-local,/services/web-development,17,63.3,GSC: 17 impr/89d @ pos 63.3 (0 clicks),GSC,[unverified - needs a live IL SERP fetch],Best-positioned member of the orphaned design cluster (63.3) and the most Aiterra-shaped phrasing in it — code plus design is literally the agency's pitch. Currently landing on a 308.
קידום אורגני לאתרי מכירות,he,Target,Money,Medium,seo-organic,/services/ecommerce,15,82.1,GSC: 15 impr/89d @ pos 82.1,GSC,"Agency ecommerce-SEO pages — adactive, masamedia, perfectseo, simply-smart, ozlevy, wobily, danielzrihen. Note Google BROADENED my 'קידום אתרים לחנות אונליין' query ('כולל תוצאות עבור קידום אתרים חנות אונליין'), a thin-demand signal","The ONLY vertical in this pillar where Aiterra has both demand evidence and client proof — /services/ecommerce is live (200) and the portfolio carries נאות שדה, ALOVA and חנות דיגיטלית. Everything else in the vertical family fails one test or the other (see exclusions). Target it as an organic-SEO section on the existing ecommerce page, not a new URL."
בנייה ועיצוב אתרים,he,Target,Money,Medium,branding-local,/services/web-development,15,69.1,GSC: 15 impr/89d @ pos 69.1 (0 clicks),GSC,[unverified - needs a live IL SERP fetch],Near-duplicate of עיצוב ובניית אתרים; same restored page serves both. Grouping these four compounds onto one strong page is the whole play — they do not need separate URLs.
אוטומציה לידים,he,Target,Money,Medium,automation,NEW: /blog/website-forms-to-crm-automation,11,77.9,GSC: 11 impr/89d @ pos 77.9; variant 'אוטומציה ללידים' 2 impr @ 87.0. Absolute volume [unverified - needs Keyword Planner],GSC,small agencies/studios (matara.studio ranks on 'איך Make.com הופך טפסים ללידים'),"Pairs with אוטומציות לאתרים on one page. Caution on the word לידים in isolation: autocomplete for 'חיבור לידים' returns ECG leads (אקג, מוניטור) — medical. Always qualify with אתר, טופס or CRM."
מומחה קידום אתרים בקרבתי,he,Target,Money,Medium,seo-organic,NEW: /services/seo/bat-yam,9,74.7,GSC: 9 impr/89d @ pos 74.7,GSC,Local pack + named-individual sites (this is where the 'people SERP' and the 'local SERP' overlap),"A 'near me' query is the highest-intent shape in the whole pillar — nobody types בקרבתי while researching, only while hiring. It resolves entirely through Google Business Profile proximity and reviews, not through content. Aiterra has the address and no GBP; this is a weeks-not-months fix."
קידום אורגני בגוגל מחירים,he,Target,Money,Medium,seo-organic,/blog/seo-cost-monthly-israel,7,95.1,GSC: 7 impr/89d @ pos 95.1,GSC,Vendor pricing guides,Plural מחירים variant. Position 95 despite the singular sitting at 21 — the post never uses the plural form once. A single sentence fixes the miss.
חברה לקידום אתרים בגוגל,he,Target,Money,Medium,seo-organic,NEW: /services/seo,6,58.3,GSC: 6 impr/89d @ pos 58.3,GSC,Agency homepages and service pages; expert.co.il review directory holds a page-1 slot on the sibling terms,"Position 58.3 is the best of the entire 'חברה/חברת קידום אתרים' family (the others sit at 69–94), which makes it the realistic entry point for the vendor-shaped queries. Still needs reviews and a named human to convert — this SERP renders star ratings for avinu and orimintzmedia and Aiterra renders none."
שירותי ppc,he,Target,Money,Medium,paid-ads,https://www.aiterra.co.il/services/marketing,5,68.4,GSC: 5 impr/89d @ pos 68.4,GSC,,"Service-intent acronym query, currently landing on a redirecting URL. A rebuilt /services/marketing that actually contains the words Google Ads should move this — the page today contains ZERO occurrences of 'Google Ads' or 'גוגל אדס'."
אינטגרציה לעסקים,he,Target,Money,Medium,automation,/services/development,5,50.2.,GSC: 5 impr/89d @ pos 50.2. Google autocomplete (he/IL): suggested under seed 'אינטגרציה ל'. Absolute volume [unverified - needs Keyword Planner],GSC,agency/IT-house SERP,"Autocomplete-verified AND GSC-present, and critically it carries the לעסקים qualifier that separates it from the bare 'אינטגרציה', whose autocomplete is calculus (אינטגרציה בחלקים, איבר איבר) and social policy. Never target the bare head."
ניהול קמפיינים ממומנים בגוגל אדס,he,Target,Money,Medium,paid-ads,https://www.aiterra.co.il/blog/google-ads-campaigns,4,19.0,GSC: 4 impr/89d @ pos 19.0,GSC,Google-owned help pages dominate every גוגל אדס phrasing (confirmed on 4 separate SERPs),"Already at 19.0. The גוגל אדס token drags Google's own product docs onto the SERP, which caps the ceiling — but this is free upside on a page being rewritten anyway."
חברת ppc,he,Target,Money,Medium,paid-ads,https://www.aiterra.co.il/services/marketing,4,84.0,GSC: 4 impr/89d @ pos 84.0,GSC,,Pure vendor-hire intent. Same fix as שירותי ppc. Sized honestly: 22 impressions across all three ppc acronym queries over 89 days.
קידום אתרים בבת ים,he,Target,Money,Medium,branding-local,/blog/web-development-bat-yam,4,65.8,GSC: 4 impr/89d @ pos 65.8 (0 clicks),GSC,directories + the same SEO-agency city trees that own every other קידום אתרים ב<city> SERP,"The one קידום אתרים ב<city> query where Aiterra is not in the 90s, and only because the Bat Yam page exists. A promotion/SEO section on that page plus the restored /services/seo makes 65.8 -> page 2 plausible. Note the demand is tiny (4 impressions/89d)."
הנגשת אתרים מחיר,he,Target,Money,Medium,web-dev,/blog/website-accessibility-cost-5568,1,63.0,GSC: 1 impr/12mo @ pos 63.0 (/v2/blog/website-accessibility-cost-5568); Google autocomplete self-confirms,GSC,"accessibility-overlay vendors selling widgets (vee, digitale, tabnav) plus the raw gov.il / isoc.org.il PDFs","The buyer-side entry into accessibility — cost, not law. Verified in two sources. The gap is that everyone ranking sells a retrofit widget and nobody explains how to build a five-page תדמית site that passes natively so you never buy one. HARD PRECONDITION: CONTEXT.md records 2,019 of 2,186 images shipping alt="""" while /accessibility-statement claims conformance. Publishing accessibility authority on that base is a credibility bomb a competitor could detonate in ten minutes. Fix the alt text first. Also note the GSC row is on the /v2/ duplicate URL, which is a canonicalisation defect in its own right."
קמפיין ממומן בגוגל,he,Target,Money,Medium,paid-ads,https://www.aiterra.co.il/blog/google-ads-campaigns,1,5.0,GSC: 1 impr/89d @ pos 5.0,GSC,Trends-relative 100 within the קמפיין ממומן family; autocomplete-confirmed,Position 5.0 on a single impression is noise as a metric but a real signal about topical fit. It is the highest-relative-interest member of its family per Trends. Cheap to reinforce.
קידום אתרים בחולון,he,Target,Money,Medium,seo-organic,NEW: /services/seo/bat-yam,1,94.0,GSC: 1 impr/89d @ pos 94.0,GSC,"LOCAL PACK + directory. SERP (fetched 2026-09-07): Google renders a three-slot local business pack with addresses, phone numbers, 'מעל 10 שנות פעילות' / 'מעל 20 שנות פעילות', 'קבלת קהל במקום' and 'פגישות אונליין', plus easy.co.il's קידום אתרים בחולון category","New evidence this pass: the local pack is live on חולון too, not just בת ים. Holon is a 10-minute drive from the office and the same GBP + review work serves both. Do NOT build a second city page — cover Holon as a service-area section on the Bat Yam page, because splitting one weak local signal across two thin pages is exactly what the templated-city-page competitors do badly."
קידום אתרים בקרבתי,he,Target,Money,Medium,seo-organic,NEW: /services/seo/bat-yam,1,67.0,GSC: 1 impr/89d @ pos 67.0,GSC,Local pack,"Same mechanism as the מומחה variant. Two independent near-me rows in a 70-row pillar is a real pattern, not noise."
עלות הקמת חנות אינטרנט,he,Target,Money,Medium,ecommerce,NEW: /blog/online-store-cost-israel,1,47.0,"GSC: 1 impr/89d @ pos 47.0 (landing on /blog/ecommerce-store-that-sells) — the best-positioned build-intent query the site holds · Google autocomplete: NOT self-suggested (below suggestion threshold), but GSC proves it is a real query",GSC,"Phase 2 §3.5: danielzrihen.co.il, e-shop.co.il, spiky.co.il, h-tech.co.il, bolder.co.il, maxicart.co.il, mercur-e.com, web-site.care — uniformly 'pricing guide' page type, and the one head-adjacent SERP where independent agencies genuinely rank.","Position 47.0 is the strongest build-intent signal on the entire domain, and it is currently landing on the post Phase 2 recommends retiring — so this ranking must be deliberately re-homed, not dropped. Cost-of-ownership is also the one format this domain has demonstrably ranked with: /blog/website-maintenance-cost-yearly is the site's single biggest asset at 1,537 impr/89d. The page should assemble the full recurring Israeli stack (מסוף סליקה setup + monthly, עמלת סליקה %, חשבונית ירוקה subscription, per-parcel shipping, hosting, .co.il domain) which Phase 2 verified no single competitor page does."
שירותי אינטגרציה לעסקים,he,Target,Money,Medium,automation,/services/development,1,20.0,GSC: 1 impr/89d @ pos 20.0 — the best position on any service-shaped phrase in this pillar. Absolute volume [unverified - needs Keyword Planner],GSC,"established Israeli IT houses (malamteam, magmagroup) + agencies (crmtoday, npcoding, xpera); no vendors, no directories","One impression, so treat the position as indicative rather than solid — but it is the only service phrase where Google has ever put Aiterra on page 2, and it currently resolves to a 308. Fixing the redirect alone may move this."
חברה להנגשת אתרים,he,Target,Money,Medium,branding-local,/blog/web-development-bat-yam,1,21.0,GSC: 1 impr/89d @ pos 21.0 (0 clicks),GSC,"dedicated accessibility vendors (aisrael.org, user-a, digitale, enable, vee)",The most instructive row in the pillar: a page about Bat Yam web development ranks 21st for an accessibility-vendor query off ONE H2 (האם אתר עסקי בבת ים חייב להיות נגיש?). Regulatory substance earns positions that generic local copy does not. Note the broader הנגשת אתרים cluster is healthy (10 autocomplete suggestions incl. מחיר and חוק) but belongs to the regulatory pillar — do not double-count it here.
בניית אתרים בראשון לציון,he,Target,Money,Medium,web-dev,/blog/web-development-gush-dan,,,"[unverified - needs Keyword Planner] — Google autocomplete returns it as a self-confirming suggestion, i.e. Google recognises it as a real query",unverified,[unverified - SERP not fetched for this exact city],"The only Gush Dan city besides Haifa/Jerusalem/Tel Aviv that clears Google's autocomplete threshold, which makes it the best second city after Bat Yam. The existing gush-dan post lumps four cities together and has ZERO GSC impressions in 12 months — a four-city page ranks for none of them. If local is funded past Bat Yam, this is the one to split out."
כמה עולה אתר תדמית,he,Target,Money,Medium,web-dev,/blog/website-cost-israel-2026,,,"[unverified - needs Keyword Planner] — Google autocomplete self-confirms, and also returns כמה עולה לבנות אתר תדמית",unverified,"small agencies and blogs, all re-dated annually (digitizer 'מחירון 2026 + מחשבון', sgo, tsite, autorank, webitnow, edensdesign, aviv-digital, dotvizion)","Weak incumbents with no methodology and figures that contradict each other inside a single SERP — I observed 'החל מ-₪5,000', '₪15,000–₪30,000' and 'אתר תדמית בסיסי ₪3,000–₪8,000' in the same result set. Reconciling that disagreement IS the article. Caveat: every incumbent title carries '2026', so this cluster demands an annual re-date, not a one-off publish."
כמה עולה לבנות אתר תדמית,he,Target,Money,Medium,web-dev,/blog/website-cost-israel-2026,,,[unverified - needs Keyword Planner] — Google autocomplete returns it inside the top-10 for כמה עולה לבנות אתר,unverified,same low-authority pricing-guide SERP,"The full-verb phrasing sits in the same autocomplete family as the price head. Same page, distinct H2. Worth noting the sibling suggestions Google returns alongside it are בוויקס / בוורדפרס / בשופיפיי — the cost cluster is shared with platform shoppers, so the page must earn the reader before it names a technology."
אתר תדמית מחיר,he,Target,Money,Medium,web-dev,/blog/website-cost-israel-2026,,,[unverified - needs Keyword Planner] — Google autocomplete returns it 5th in the top-10 for the bare seed אתר תדמית,unverified,"midrag.co.il (directory price page) ~1, digitizer ~2, digita, el-haatar, ymdigital, mnemir — low authority throughout","One of only two commercially useful modifiers Google suggests for the bare אתר תדמית seed (the other being לעסק). A directory holds ~1, which means the intent is comparison shopping — the page must show a range with reasons, not a single number."
בניית אתר תדמית מחיר,he,Target,Money,Medium,web-dev,/blog/website-cost-israel-2026,,,"[unverified - needs Keyword Planner] — Google autocomplete returns it from three separate seeds (אתר תדמית ב, אתר תדמית מ, מחיר בניית אתר תדמית)",unverified,"low-authority pricing guides, plus topeak ('החל מ-4,550 ₪') and maimonweb ('החל מ-6,000 ₪') leading with a price in the title","Reached from three different autocomplete prefixes, which is the strongest convergence signal I have for any price string. Incumbents put a number in the title tag; Aiterra should too, or it loses the click before the page loads."
עלות בניית אתר אינטרנט,he,Target,Money,Medium,web-dev,/blog/website-cost-israel-2026,,,"[unverified - needs Keyword Planner] — Google autocomplete returns it as the #1 suggestion for עלות בניית אתר, above the seed itself",unverified,"johnbryce (training company magazine), digitizer, tsite, realmedia, adwrks, shivuk24-6","Google ranking this above the typed seed means עלות is the preferred noun for this intent, not מחיר. A training company holding the top slot is the same intent-pollution tell Phase 2 found on the head term — but here it is only one of six results, not the whole SERP."
עלות בניית אתר לעסק,he,Target,Money,Medium,web-dev,/blog/website-cost-israel-2026,,,[unverified - needs Keyword Planner] — Google autocomplete suggestion for עלות בניית אתר,unverified,same low-authority pricing-guide set,The לעסק qualifier is the cheapest way to filter out the DIY half of the cost audience. Every commercial variant in this pillar that Google suggests carries either לעסק or מחיר — those two tokens are the intent filter.
כמה עולה אתר אינטרנט לעסק,he,Target,Money,Medium,web-dev,/blog/website-cost-israel-2026,,,[unverified - needs Keyword Planner] — Google autocomplete self-confirms,unverified,[unverified - SERP not fetched for this exact string],Self-confirming autocomplete with both the cost verb and the לעסק filter. Cheap to serve as an H2 on a page that already exists and already touched position 1.0.
בניית אתרים הצעת מחיר,he,Target,Money,Medium,web-dev,/contact,,,[unverified - needs Keyword Planner] — Google autocomplete returns it as one of only three suggestions for בניית אתרים מחיר,unverified,[unverified - SERP not fetched],"The highest buying intent of any string in this entire table — somebody typing 'הצעת מחיר' is requesting a quote, not researching. Volume is certainly tiny, which is exactly the trade the brief asks for: 70 buyers beats 2,000 readers. Notable that the only other suggestion in that family is קורס בניית אתרים מחיר, i.e. even the price prefix leaks into course intent."
בניית אתר תדמית לעסק,he,Target,Money,Medium,web-dev,/services/brochure,,,"[unverified - needs Keyword Planner] — Google autocomplete returns it from three separate seeds; Trends compare (geo=IL) shows אתר תדמית at relative index 0–25 in most weekly buckets, i.e. small",unverified,"small studios — rix ~1, ngstudio ~2, hadara-digital ~3, topeak ~4, ezpoint ~5, penguin, freeweb, webshuk, maimonweb. No 25-year-old domain","The cluster head and the reason this pillar is CONTESTED rather than LOST: unlike בניית אתרים, no incumbent here is a two-decade domain ranking a homepage. /services/brochure is already the right page. BLOCKING: that page has zero rows in either GSC export, and Phase 2's live inspect_url_enhanced returns 'Discovered – currently not indexed', last_crawled null, referring_urls []. It has never been crawled. Fixing the 51 blog→service links that all 308 to retired slugs is worth more than any copy change here."
אתר תדמית לעסק,he,Target,Money,Medium,web-dev,/services/brochure,,,[unverified - needs Keyword Planner] — Google autocomplete top-10 for the bare seed; Trends related for אתר תדמית puts אתר תדמית לעסק at relative index 25 against בניית אתר תדמית at 100,Trends,"mixed — smoove.io (SaaS blog) ~1, danielzrihen ~2, ngstudio ~3, plus a portfolio gallery and webisrael at 'רק 490 ש""ח'","One of only two commercial modifiers in the bare seed's autocomplete. A SaaS vendor's blog holding ~1 means part of this SERP is a placement target (get mentioned) rather than a ranking target. The 490 ₪ result on the same page is what Aiterra's pricing has to be argued against, not ignored."
בניית אתר תדמיתי,he,Target,Money,Medium,web-dev,/services/brochure,,,"Trends: relative index 100 — the ONLY related query returned for בניית אתר תדמית (geo=IL), flagged עלייה חדה (+427,700%)",Trends,[unverified - SERP not fetched for the תדמיתי spelling],"The spelling variant matters and is currently unserved. Two independent sources agree it is the live form: Trends returns it as the sole related query at relative 100, and GSC's only position-1.0 row in the pillar is כמה עולה בניית אתר תדמיתי. A one-item Trends related list also tells you the cluster is small and clean — no DIY or course contamination, unlike the head term."
עיצוב אתר תדמית,he,Target,Money,Medium,web-dev,/services/brochure,,,"[unverified - needs Keyword Planner] — Google autocomplete returns it as the sole suggestion for אתר תדמית עיצוב, reordering the words",unverified,[unverified - SERP not fetched],"Google reordering the typed words into עיצוב אתר תדמית is a canonicalisation signal — that is the phrase people actually use. GSC separately shows the design family (חברה לעיצוב אתרים 36 impr, עיצוב ובניית אתרים 35 impr) already surfaces for Aiterra, at position 73–84. The design vocabulary is where this domain has existing impressions; it just has no page pointed at it."
בניית אתרים לעורכי דין,he,Target,Money,Medium,web-dev,NEW: /services/websites-for-lawyers,,,"[unverified - needs Keyword Planner] — Google autocomplete self-confirms, and returns it 3rd in the top-10 for the prefix בניית אתרים ל",unverified,"mid-tier agencies with dedicated vertical pages — danielzrihen, seolinks, topdigital, lawgital (a legal-vertical specialist), pixa, catom, freeweb ('רק 790 ש""ח'), gravitex. No 25-year-old domain ranking a homepage","The most under-exploited slice this pass found. Seven of the ten completions for בניית אתרים ל are commercial and five are professional verticals — the vertical modifiers are where the commercial intent concentrates once the head term's DIY pollution is stripped out. This SERP is materially softer than the head (dedicated vertical pages, not homepages), and harder than the price cluster because lawgital is a genuine niche specialist. GSC corroborates vertical demand from the adjacent angle: Aiterra already gets impressions on קידום אתרים לאדריכלים and קידום אתרים לרואי חשבון."
בניית אתרים לרופאים,he,Target,Money,Medium,web-dev,NEW: /services/websites-for-clinics,,,[unverified - needs Keyword Planner] — Google autocomplete self-confirms; also in the top-10 for בניית אתרים ל,unverified,[unverified - SERP not fetched; the lawyers SERP is the read-across],"Same structural argument as lawyers, with an extra hook Aiterra can uniquely serve: a medical practice site collects health-adjacent personal data through its contact form, which puts תיקון 13 compliance at the centre of the sale rather than at the edge. The regulatory content and the vertical page reinforce each other."
בניית אתרים למסעדות,he,Target,Money,Medium,web-dev,NEW: /services/websites-for-restaurants,,,[unverified - needs Keyword Planner] — Google autocomplete self-confirms; also in the top-10 for בניית אתרים ל,unverified,[unverified - SERP not fetched],"Confirmed autocomplete demand and an obvious integration story (menu, reservations, Google Business Profile) that a template shop cannot match. Rank it below lawyers and clinics only because the buyer is more price-sensitive."
בניית אתרים לאדריכלים,he,Target,Money,Medium,web-dev,NEW: /services/websites-for-architects,,98.5,[unverified - needs Keyword Planner] — Google autocomplete self-confirms; GSC corroborates adjacent vertical demand with קידום אתרים לאדריכלים 16 impr/12mo @ pos 98.5,unverified,[unverified - SERP not fetched],"The only vertical with first-party GSC corroboration — Google is already showing Aiterra for architect-vertical intent, just on the SEO service at position 98. A portfolio-heavy vertical also plays directly to the performance argument, since architecture sites are image-heavy and this is where a hand-built site beats a plugin stack on measurable ground."
בניית אתרים למעצבי פנים,he,Target,Money,Medium,web-dev,NEW: /services/websites-for-interior-designers,,,[unverified - needs Keyword Planner] — Google autocomplete self-confirms; also in the top-10 for בניית אתרים ל,unverified,[unverified - SERP not fetched],"Same image-heavy performance argument as architects. Worth flagging that this session's environment lists an interior-designer website project in the working directories, so there may already be a real case study to anchor the page — a vertical page with a named client outranks a vertical page without one."
חברת פרסום בגוגל,he,Target,Money,Medium,paid-ads,https://www.aiterra.co.il/services/marketing,,,"[unverified - needs Keyword Planner] — live Google autocomplete suggestion (hl=iw&gl=il, 2026-09-07)",unverified,"SERP: nine agency HOMEPAGES + business.google.com at #8 — gesem, livedigital, skyads, diamonddigital, extra, combar, boostit (19 שנות ניסיון), sitelinx (10+ שנות ניסיון), haktovet. Zero guides on the SERP","Vendor-hire intent with no guides and only one Google-owned slot, which is a materially better shape than the head term where guides and Google take five of ten. Boostit still sits here, so Medium not High. Put a shekel figure in the title tag — every service page that cracks these SERPs leads with one (maaseinu 'החל מ 2000 ש""ח', lowcost-seo 'החל מ-649 ₪')."
סוכנות פרסום בגוגל,he,Target,Money,Medium,paid-ads,https://www.aiterra.co.il/services/marketing,,,"[unverified - needs Keyword Planner] — live Google autocomplete suggestion (hl=iw&gl=il, 2026-09-07)",unverified,,"Same vendor-hire intent, softer synonym. Note the seed סוכנות פרסום דיגיטלי returned ZERO autocomplete suggestions while סוכנות פרסום בגוגל is suggested — Israelis attach the platform, not the adjective. Worth an H2 and a title-tag token, not its own page."
כמה עולה פרסום בגוגל,he,Target,Money,Medium,paid-ads,NEW: /blog/google-ads-cost-israel,,,"Trends: related-query index 35 (IL, vs פרסום בגוגל ממומן at 100)",Trends,"SERP: AI Overview states the price inline. Cited domains are biz.midrag.co.il, ekd.co.il, boostit.co.il, maaseinu.co.il. Video carousel and PAA also present","Optimise for AI-answer citation, not clicks — the answer sits above the fold and states a number. Aiterra has PROVEN it can rank cost content (pos 19.4 on כמה עולה תחזוקת אתר, pos 42.2 on כמה עולה קידום אתרים בגוגל), so the pattern transfers. The differentiated angle nobody has taken: the published Israeli ranges contradict each other by a factor of ~18 (649 ש""ח to 12,000 ש""ח) and only Boostit states a methodology. Write the page that explains WHY they disagree."
כמה עולה קמפיין ממומן בגוגל,he,Target,Money,Medium,paid-ads,NEW: /blog/google-ads-cost-israel,,,"[unverified - needs Keyword Planner] — live Google autocomplete suggestion (hl=iw&gl=il, 2026-09-07)",unverified,"SERP: 10/10 pricing guides and ZERO Google-owned slots — container.org.il, sogo, avinu, vbuild, thealist, goldit, ak-digital, webon, probiz, dangil.tech","Crowded but with no untouchable authority and, unusually for this pillar, no Google inventory at all. Structurally identical to the maintenance-cost SERP where this domain already reaches pos 19.4. The strongest of the money-modified variants."
פרסום ממומן בגוגל מחיר,he,Target,Money,Medium,paid-ads,NEW: /blog/google-ads-cost-israel,,,"[unverified - needs Keyword Planner] — live Google autocomplete suggestion (hl=iw&gl=il, 2026-09-07)",unverified,,"Same page, same cluster. Autocomplete-confirmed under two separate seeds (פרסום בגוגל and פרסום ממומן), which is a stronger existence signal than a single suggestion."
ניהול קמפיין ממומן מחיר,he,Target,Money,Medium,paid-ads,NEW: /blog/google-ads-cost-israel,,,"[unverified - needs Keyword Planner] — live Google autocomplete suggestion (hl=iw&gl=il, 2026-09-07)",unverified,,"One of only three suggestions Google offers behind ניהול קמפיין ממומן, and the only one with a money modifier. It is the exact bridge between Aiterra's striking-distance post (pos 23.7) and the pricing content it does not yet have."
פרסום בגוגל מחיר,he,Target,Money,Medium,paid-ads,NEW: /blog/google-ads-cost-israel,,,"[unverified - needs Keyword Planner] — live Google autocomplete suggestion (hl=iw&gl=il, 2026-09-07)",unverified,dangil.tech ranks a page titled literally 'פרסום בגוגל מחיר 2026' on the sibling SERP,Sits inside the one ads family with measurable Trends interest. Same target page; a section heading rather than its own post.
ניהול קמפיינים בפייסבוק,he,Target,Money,Medium,paid-ads,https://www.aiterra.co.il/blog/facebook-instagram-ads,,,"Trends: related-query index 90 (IL, vs ניהול קמפיינים בגוגל at 100 within the same family)",Trends,"SERP: sivrodigital, apexmedia (service), gravitex (service), kroyzer, roy-ribak, sfb, brandlist, push-digital + only TWO facebook.com slots","This is the correction to Phase 2's 'attack Meta first'. The right phrase is בפייסבוק, not במטא — ניהול קמפיינים במטא returned ZERO autocomplete suggestions, i.e. it is below Google's suggestion threshold, while בפייסבוק is the #2 autocomplete behind ניהול קמפיינים. Read the 90 honestly though: it is 90% of a term that itself scores 0 across the whole 12-month cross-comparison. Softer SERP, similarly small prize."
כמה עולה פרסום בפייסבוק,he,Target,Money,Medium,paid-ads,https://www.aiterra.co.il/blog/ppc-minimum-budget-israel,,,"Trends: related-query index 84 (IL, vs פרסום בפייסבוק לעסקים at 100)",Trends,,"The strongest money signal on the Meta side — 84 against the family leader, higher than the equivalent ratio on the Google side (35). Fold into the budget post alongside the calculator rather than writing a separate page; the post already covers both platforms and holds pos 15.8."
פרסום בפייסבוק לעסקים קטנים,he,Target,Money,Medium,paid-ads,https://www.aiterra.co.il/blog/facebook-instagram-ads,,,"[unverified - needs Keyword Planner] — live Google autocomplete suggestion (hl=iw&gl=il, 2026-09-07)",unverified,"SERP: the unmodified פרסום בפייסבוק לעסקים has facebook.com GROUPS at #1 and #4 — free-advertising groups, i.e. the wrong intent. The לעסקים קטנים modifier filters those out",Prefer this over the bare פרסום בפייסבוק לעסקים precisely because the modifier strips the 'post my business in a free group' audience that consumes two of the top four slots on the shorter phrase.
פרסום ממומן בפייסבוק מחיר,he,Target,Money,Medium,paid-ads,https://www.aiterra.co.il/blog/ppc-minimum-budget-israel,,,"[unverified - needs Keyword Planner] — live Google autocomplete suggestion (hl=iw&gl=il, 2026-09-07)",unverified,,"Money-modified Meta query, autocomplete-confirmed. Aiterra's only real case study is a Meta result (נאות שדה, ROAS/Leads +202%), so this is the one platform where it can publish a first-party number instead of quoting someone else's."
כמה עולה דף נחיתה,he,Target,Money,Medium,paid-ads,NEW: /blog/landing-page-cost-israel,,,"[unverified - needs Keyword Planner] — live Google autocomplete suggestion (hl=iw&gl=il, 2026-09-07), plus the variants כמה עולה לבנות דף נחיתה and כמה עולה דף נחיתה נכון להיום",unverified,"SERP: 10/10 pricing pages with prices in the title tags (avinu 'החל מ-₪1,500', gopage 'החל מ-500 ש""ח', shivuk24-6 'החל מ-599 ש""ח') and ONE calculator (galyam-studio.co.il/calculator/price-landing-page/)","Crowded but with no authority moat — combar, mintz, vervedesign, avinu, danielzrihen, jonnystudio, lsweb, clickpo are all ordinary agencies. Identical shape to the maintenance-cost SERP where this domain already holds pos 19.4, which is the strongest evidence in the whole audit that a cost page works here. Ship it with a calculator, since one already ranks."
דף נחיתה מחיר,he,Target,Money,Medium,paid-ads,NEW: /blog/landing-page-cost-israel,,,"[unverified - needs Keyword Planner] — live Google autocomplete suggestion (hl=iw&gl=il, 2026-09-07)",unverified,,"Same page as כמה עולה דף נחיתה — two phrasings of one intent, and the SERPs overlap heavily (combar, avinu, danielzrihen, galyam-studio all rank on both). Do not split into two posts; that is how the existing business-site-vs-online-store cannibalisation happened."
מחירון קידום אתרים,he,Target,Money,Medium,seo-organic,NEW: /services/seo,,,"[unverified - needs Keyword Planner]. SERP: returned by Google IL autocomplete (hl=iw&gl=il) for the seed 'מחירון קידום אתרים'; its SERP carries 9 dedicated vendor pricing pages including seoprice.co.il, an entire domain named for the term",SERP,"Pure vendor pricing pages — combar, tzd-seo, avinu ('מחירון קידום אתרים 2026 - חבילות מ-₪2,000/חודש', with review stars rendered), adactive, danielzrihen, cxm, lowcost-seo, seoprice.co.il, webs","A DISTINCT commercial SERP from 'כמה עולה'. Every result is a service page with an Offer table, not an article — so this belongs on the restored /services/seo, not the blog post. This is the cannibalisation-safe split: article owns the question forms, service page owns the מחירון/חבילות forms. Aiterra has zero impressions here today, which is itself the finding."
קידום אתרים מחיר,he,Target,Money,Medium,seo-organic,NEW: /services/seo,,,"[unverified - needs Keyword Planner]. SERP: Google IL autocomplete for seed 'קידום אתרים מ' (suggestion #2). Trends: 0 on essentially all ~260 daily points on the shared IL scale where קידום אתרים peaks at 100 — relative shape only, NOT evidence of zero volume",SERP,"Vendor pricing pages, same cartel as מחירון","Generic price framing, autocomplete-confirmed as a real query. Trends reads 0 here but Trends also reads 0 for כרטיס עסק בגוגל where Aiterra provably takes 36 impressions — so the 0 is a threshold artefact, not an absence. Target it on the service page's ₪ table, do not build a page for it."
קידום אתרים בגוגל מחיר,he,Target,Money,Medium,seo-organic,NEW: /services/seo,,,"Trends: relative index 70 — a top-3 related query for 'קידום אתרים בגוגל' (geo=IL, 12mo) and flagged עלייה חדה (rising). This is a RELATIVE index, not a volume; absolute [unverified - needs Keyword Planner]",Trends,Vendor pricing pages,"The only price term in this pillar that Google Trends flags as RISING in Israel. That is a genuine timing signal — demand for price transparency is growing while the incumbents' pricing pages are static. Aiterra's Google AI-overview competitor set already quotes ₪1,500/₪3,000 tiers inside the בת ים SERP, so publishing real numbers is table stakes now."
חבילות קידום אתרים,he,Target,Money,Medium,seo-organic,NEW: /services/seo,,,[unverified - needs Keyword Planner],unverified,[unverified - SERP not fetched for this exact phrasing],"Included on structural grounds only: avinu's page-1 title on the sibling term is literally 'חבילות מ-₪2,000/חודש', so the packages framing is what wins this SERP family. I did NOT fetch this SERP and I have no volume for it — treat as a heading on the service page, not as a target in its own right until Keyword Planner confirms it."
קידום אתרים לוקאלי,he,Target,Money,Medium,seo-organic,/blog/local-seo-small-business,,,[unverified - needs Keyword Planner]. SERP: top-6 Google IL autocomplete for the seed 'קידום אתרים ל'. Note 'קידום אתרים מקומי' and 'קידום מקומי בגוגל' return ZERO autocomplete suggestions,SERP,"Agency guides — danielzrihen (plus 2 Facebook/YouTube videos from last month), masamedia, shmul.co.il ('המדריך המעשי לקידום מקומי בישראל ב-2026'), concept1, leos, ekd, local-seo.co.il, seolinks/local-seo (16 Mar 2023)","The spelling finding matters more than the term: Israelis type לוקאלי, not מקומי, and Aiterra's existing post at /blog/local-seo-small-business is titled 'שולטים בעיר שלכם' — it uses neither word. Retitling around לוקאלי is a one-line change to an already-live 200 page. Google shows an AI overview here that cites masamedia and leos, so the definitional framing is already answered — differentiate with the Bat Yam/Holon mechanics (GBP category selection in Hebrew, NAP across easy.co.il/d.co.il/midrag/batim.org.il, Hebrew review solicitation)."
בדיקת seo לאתר,he,Target,Money,Medium,seo-organic,NEW: /services/seo,,,[unverified - needs Keyword Planner]. SERP: Google IL autocomplete for seed 'בדיקת seo' returns בדיקת seo / בדיקת seo לאתר / בדיקת אתר seo,SERP,[unverified - SERP not fetched],"A free-audit lead-magnet query — the searcher wants someone to look at their site, which is one step from a sale. Not surfaced in Phase 1 or 2. Note angoramedia already advertises 'בדיקת GEO ראשונית ללא עלות' in its SERP snippet, so the free-audit hook is proven to work in this market. I did not fetch this SERP; volume and difficulty both unverified."
קידום אתרים במנועי AI,he,Target,Money,Medium,seo-organic,/blog/geo-ai-search-optimization,,,[unverified - needs Keyword Planner]. SERP: autocomplete suggestion #6 on the BARE seed 'קידום אתרים' in Google IL — i.e. Google offers it on the pillar's biggest seed,SERP,"Israeli SEO agencies with dedicated AI/GEO pages — seo-rush/geo, seolinks, veedda, danielzrihen, engad, lior-shapira, busymom — plus a video carousel that is THREE danielzrihen videos dated 'לפני שבועיים / 3 שבועות / 4 שבועות'","This is the disambiguated phrasing Phase 2 said to use, and autocomplete proves it: Google offers 'קידום אתרים במנועי ai' and 'קידום אתרים ai' as suggestions 6 and 7 on the bare head term, while the bare token GEO means National Geographic in Israel. Contested, not open — one competitor is publishing video on it weekly. Worth targeting only with the measured Hebrew citation study nobody else has (Phase 2 GAP 4); another definitional guide will do nothing."
קידום אתרים בבינה מלאכותית,he,Target,Money,Medium,seo-organic,/blog/geo-ai-search-optimization,,,[unverified - needs Keyword Planner]. SERP: Google IL autocomplete returns it for both 'קידום אתרים מ' and 'קידום בבינה מלאכותית',SERP,"adactive (service page), extra.co.il (blogging on this since 10 Nov 2024), danielzrihen, amittai, plus a video carousel","The fully-Hebrew phrasing, and autocomplete also returns the sibling forms קידום אורגני בבינה מלאכותית and קידום אורגני עם בינה מלאכותית. This is what a non-marketer Israeli business owner actually types — the English-token forms (GEO, AI) are what marketers type. Aiterra's post is titled around GEO first; leading with the Hebrew phrasing widens it to the buyer, not the peer."
קידום ב chatgpt,he,Target,Money,Medium,seo-organic,/blog/geo-ai-search-optimization,,,[unverified - needs Keyword Planner]. SERP: Google IL autocomplete normalises both 'קידום בchatgpt' (no space) and 'קידום ב chatgpt' to the spaced form — i.e. it recognises the query either way,SERP,"danielzrihen, w3c.org.il/עשהאל דיגיטל ('מדריך מלא + צ׳קליסט', 22 May 2026), avinu, plus a video carousel of דניאל זריהן / עשהאל דיגיטל / Anidor Hakak / Dani Shaked","The most concrete, least ambiguous AI query in the set — no National Geographic problem, no jargon. GSC has the adjacent row 'קידום ב-chatgpt ו-gemini' at 2 impr @ 98.0, so the demand is real if tiny. Every ranking page here EXPLAINS ChatGPT visibility; none MEASURES it. That is the whole opportunity."
קידום אתרים לעסקים קטנים,he,Target,Money,Medium,seo-organic,NEW: /services/seo,,,[unverified - needs Keyword Planner]. SERP: Google IL autocomplete returns it for both 'קידום אתרים ל' and 'קידום אתרים לעסקים',SERP,"A DIRECTORY holds #1 — biz.midrag.co.il (מידרג editorial page, snippet quotes 2,500-4,000 ₪/mo) — then ozlevy (27 Aug 2026), simply-smart, webinke, danielzrihen, shirakolker, move-up","The one head-adjacent commercial term where the #1 slot is a reviews directory rather than a 20-year-old agency — and directories are joinable, not outrankable. Get a מידרג provider profile and this SERP becomes reachable from two directions at once. It is also the honest description of Aiterra's actual customer, which matters for conversion even where it does not for ranking."
סליקה שופיפיי ישראל,he,Target,Money,Medium,ecommerce,NEW: /blog/shopify-israel-clearing,,,"[unverified - needs Keyword Planner] · Google autocomplete: exact self-suggestion (also surfaced from seeds 'שופיפיי ישראל' and 'סליקה ל') · GSC: 0 rows · Trends: floors at 0 on almost every day of a 12-month window, with isolated single-day spikes to 87 and 100 — a sampling floor, NOT a zero",unverified,"Mixed: icount.co.il ('הסולקים הרשמיים של שופיפיי בישראל'), hyp.co.il, invoice4u — plus agencies convo-agency.co.il, sogo.co.il, sales-sensei.com.","The hub query for the cluster and the page's primary target. Medium not High because iCount holds a strong incumbent position as Shopify's stated official Israeli acquirer, so the top slot is genuinely contested — unlike the 'how to connect' and 'compare providers' variants where no vendor can compete."
חנות אינטרנטית ישראכרט,he,Target,Money,Medium,ecommerce,/services/ecommerce,,,"[unverified - needs Keyword Planner] · Google autocomplete: exact self-suggestion AND the #1 suggestion after the bare head term · Bing autocomplete (market=he-IL): also self-suggested — the ONLY term in this pillar confirmed by two independent engines · Trends: relative index 67, the #2 related query for חנות אינטרנטית · GSC: 0 rows",Trends,"business.isracard.co.il (×2), digital.isracard.co.il, tranzila.com/isracard.html (×2), calcalist.co.il (news) — plus lin.co.il, a tiny Wix builder ranking with 'חנות אינטרנטית ישראכרט - בוויקס כולל סליקה'.","The best-evidenced non-head term in the pillar: confirmed by Google autocomplete, Bing autocomplete AND Trends, which no other keyword here achieves. Intent is unambiguously commercial — someone with an Isracard acquiring account wants a store that works with it. That lin.co.il, a one-person Wix shop, holds a slot proves the bar is low. Targeting the service page rather than a guide because the intent is 'build me one', not 'explain it'; the clearing guide should support it with an internal link."
חשבונית ירוקה שופיפיי,he,Target,Money,Medium,ecommerce,NEW: /blog/shopify-israel-clearing,,,[unverified - needs Keyword Planner] · Google autocomplete: exact self-suggestion · GSC: 0 rows · Trends: below reporting floor,unverified,"Vendor-heavy — greeninvoice.co.il (incl. /add-ons/integrations/), ezcount.co.il, icount.co.il, tranzila.com/green-invoice.html — with how-to content coming only from two tiny sites (digi-transform.com, bizonmap.net).","IMPORTANT NARROWING of Phase 2's proposal. Phase 2 recommended a full green-invoice × platform integration matrix. Autocomplete does not support that: 'ווקומרס חשבונית ירוקה', 'חשבונית ירוקה ווקומרס' and 'חיבור ווקומרס' all return ZERO suggestions. Only the Shopify pairing confirms as a real query. So build this as a section of the Shopify clearing guide, not as the standalone cross-platform matrix Phase 2 envisaged. Medium rather than High because Green Invoice's own integrations page competes directly."
ישראכרט סליקה שופיפיי,he,Target,Money,Medium,ecommerce,NEW: /blog/shopify-israel-clearing,,,"[unverified - needs Keyword Planner] · Google autocomplete: exact self-suggestion, from the 10-item 'שופיפיי סליקה' block · GSC: 0 rows · Trends: below reporting floor",unverified,Isracard's own business subdomains plus Tranzila's Isracard page; no agency currently addresses the Isracard-to-Shopify path specifically.,"Kept — unlike the icount/grow variants which I excluded — because Isracard's Shopify path is the genuinely undocumented one. Phase 2 surfaced competitor claims that iCount is Shopify's official Israeli acquirer and that iCredit, PayPlus and Cardcom are the mandatory local connections; Isracard is conspicuously absent from that list, which is exactly the ambiguity a searcher is trying to resolve. Medium: Isracard's own pages are strong on their brand term."
בניית אתר ווקומרס,he,Target,Money,Medium,ecommerce,NEW: /services/ecommerce/woocommerce,,,"Trends: relative index 100 — and it is the ONLY related query Trends returns for 'ווקומרס' at all, i.e. the whole (small) term is build-intent · Google autocomplete: exact self-suggestion · GSC: 0 rows · absolute volume [unverified - needs Keyword Planner]",Trends,junami.co.il ranks here with a /services/woocommerce/ SERVICE page — the page type is proven agency-winnable.,"CONDITIONAL — see notes. The evidence is good: ווקומרס is a small term but 100% of its measurable related interest is build-intent, and a same-size agency already ranks with exactly the page type proposed. Two cautions kept me at Medium rather than High: ווקומרס sits at Trends' reporting floor overall, and Aiterra positions on custom code rather than WordPress, so this page must not be published unless the agency genuinely delivers WooCommerce work."
בניית חנות אינטרנטית בוורדפרס,he,Target,Money,Medium,ecommerce,NEW: /services/ecommerce/woocommerce,,,"[unverified - needs Keyword Planner] · Google autocomplete: exact self-suggestion, and one of only two completions for the seed 'בניית חנות אינטרנטית ב' · GSC: 0 rows",unverified,"Same soft agency set as ווקומרס, plus WordPress-specific properties (topwp.upress.co.il).","Kept as a separate row from 'בניית אתר ווקומרס' despite the overlap, because the two share no words in Hebrew and Israelis genuinely split between naming the CMS and naming the plugin. Phase 2 verified that the Hebrew strings ווקומרס and שופיפיי appear ZERO times site-wide while the Latin spellings appear 7 and 6 times — so Aiterra is currently invisible to every searcher who types either term in Hebrew. Same conditionality as the row above."
בניית אתר שופיפיי מחיר,he,Target,Money,Medium,ecommerce,NEW: /services/ecommerce/shopify,,,"[unverified - needs Keyword Planner] · Google autocomplete: exact self-suggestion, and the #2 completion for the seed 'בניית אתר שופיפיי' · GSC: 0 rows",unverified,"Thin — no dedicated Israeli Shopify pricing page surfaced in Phase 2's SERPs; the closest is kiryatech.com, which ranks on חנות וירטואלית purely on the strength of a shekel price in its title.","A price modifier on a build term is the highest-intent combination available in this pillar — nobody types 'מחיר' while browsing. Phase 2 observed that kiryatech.com wins a slot simply by putting '₪7440 כולל' in a title tag, which suggests published, specific pricing is under-supplied and disproportionately rewarded on these Israeli SERPs. Conditional on Aiterra actually offering Shopify builds."
בניית אתר שופיפיי,he,Target,Money,Medium,ecommerce,NEW: /services/ecommerce/shopify,,,Trends: relative index 21 as a related query for 'שופיפיי' · Google autocomplete: exact self-suggestion · GSC: 0 rows · absolute volume [unverified - needs Keyword Planner],Trends,"Mixed vendor + agency — Phase 2 §3.9 found convo-agency.co.il, sogo.co.il and danielzrihen.co.il present alongside icount and invoice4u.","The build-intent head of the Shopify sub-cluster, and the one term where Trends actually registers a value instead of flooring out. Agencies are verifiably present on the surrounding Shopify SERPs, so this is not a vendor lockout. Conditional on Aiterra delivering Shopify."
מעבר וורדפרס לשופיפיי,he,Target,Money,Medium,ecommerce,NEW: /services/ecommerce/shopify,,,[unverified - needs Keyword Planner] · Google autocomplete: the ONLY completion returned for the seed 'מעבר לשופיפיי' (note: 'מיגרציה לשופיפיי' returns nothing — this is the phrasing Israelis actually use) · GSC: 0 rows,unverified,"No Israeli page identified addressing this migration path in Hebrew — [unverified, needs a rendered Israeli SERP].","Lowest volume, highest deal value in the table: a platform migration is a funded project with an existing revenue-generating store behind it, not a tyre-kicker. Worth including precisely because the brief's rule applies — 70 buying-intent searches beat 2,000 informational ones. Also a useful spelling finding: 'מיגרציה' returns zero suggestions while 'מעבר' returns this one, so the Hebrew loanword is the wrong target."
כמה עולה לפתוח חנות אינטרנטית,he,Target,Money,Medium,ecommerce,NEW: /blog/online-store-cost-israel,,18,"[unverified - needs Keyword Planner] · Google autocomplete: exact self-suggestion, and the only completion for the seed 'כמה עולה חנות אינטרנטית' · GSC: 0 rows · related GSC evidence: the whole תחזוקת אתר cost cluster carries ~1,400 impr at pos 18-30",unverified,Same agency-held pricing-guide SERP as above.,"Question-form long tail on the price cluster, which is easier than the bare 'מחיר' variants and matches how the AI-answer surfaces quote content. Aiterra converts this shape better than any other on the domain. The near-identical 'כמה עולה להקים חנות אינטרנטית' is also autocomplete-confirmed and should be an H2 on the same page rather than a separate target."
קידום חנות אינטרנטית,he,Target,Money,Medium,ecommerce,/services/seo,,,[unverified - needs Keyword Planner] · Google autocomplete: exact self-suggestion (note 'קידום אתר מסחר' and 'seo לחנות אינטרנטית' both return NOTHING — this is the only phrasing with suggestion-level demand) · GSC: 0 rows for this exact string,unverified,SEO agencies rather than store platforms — a different and softer competitive set than the store-build SERPs. [Ranks unverified.],"Sits at the intersection of this pillar and the SEO service page the owner has decided to restore, so it needs no new asset — it needs a section on a page that is being rebuilt anyway. Commercially strong: someone who already has a store and wants it promoted has budget and an existing business. The spelling finding matters — two obvious alternative phrasings return zero suggestions, so the section must be titled 'קידום חנות אינטרנטית'."
עלות אחזקת אתר אינטרנט,he,Target,Money,Medium,maintenance,/blog/website-maintenance-cost-yearly,,,"Google IL autocomplete returns this off both 'אחזקת אתר' and 'אחזקת אתר ע' (hl=he&gl=il, 2026-09-07); no GSC row exists; absolute volume [unverified - needs Keyword Planner]",unverified,maimonweb.com holds /עלות-אחזקת-אתרים/ — the same page that ranks #1 for the תחזוקה spelling of this query,"The ONLY phrase in this entire pillar that autocomplete surfaced and Aiterra has no GSC impressions for. It is the אחזקה+עלות intersection, fully disambiguated by אינטרנט. Cheap to capture as an H2 and an FAQ item inside the existing cost post — it needs no new page."
מספר הקצאה api,he,Target,Money,Medium,automation,NEW: /blog/allocation-number-api-integration,,,"Google autocomplete (he/IL): both 'מספר הקצאה api' and 'רשות המיסים מספר הקצאה api' returned. Trends: parent term מספר הקצאה is above the IL reporting threshold and rising (0 for most of the series, 20→62 recently on a shared axis), unlike every automation service term which sits at 0. Absolute volume [unverified - needs Keyword Planner]",SERP,"6 vendors / 1 agency — istores, yeshinvoice, pelecard x2, mypips, edugal vs apoint.co.il alone","The developer-side regulatory query. I verified it exists in autocomplete, which Phase 2 could not. Every ranking page is written by an accountant or a software vendor; exactly one agency (apoint.co.il) holds a slot, and no directory guards the SERP. This is Israeli statute, so international content structurally cannot compete, and Aiterra builds the stores and CRMs that must make the API call — the page is a credential, not a rewrite."
חשבוניות ישראל api,he,Target,Money,Medium,automation,NEW: /blog/allocation-number-api-integration,,,Google autocomplete (he/IL): suggested. Trends: 'חשבוניות ישראל' related queries all hasData:true and flagged עלייה חדה (רשות המיסים 100 / מספר הקצאה 70 / מודל חשבוניות ישראל 20). Absolute volume [unverified - needs Keyword Planner],SERP,vendor + accounting-firm mix; apoint.co.il the lone agency,Second entry point to the same guide. The regulatory vocabulary is the only part of this pillar Trends can even measure — that is the strongest single argument for building here rather than on the automation category.
מאנדיי חשבונית ירוקה,he,Target,Money,Medium,automation,NEW: /blog/monday-green-invoice-integration,,,"Google autocomplete (he/IL): 'מאנדיי חשבונית ירוקה', 'monday חשבונית ירוקה' and 'monday חשבונית' all returned. Absolute volume [unverified - needs Keyword Planner]",SERP,"agency-contestable — 3 of 6 are Monday-implementation agencies (yepsolutions.io, d.productive.co.il, projector2b.com) plus vendor marketplaces (voicenter, 2sign) and one consultant blog","The strongest new find this pass, and Phase 2 missed it. Both the Hebrew and Latin spellings autocomplete, the SERP has no encyclopedia and no directory, and Aiterra already has a Monday post to link from. Monday is the most-deployed CRM in Israel, so this is the highest-traffic pair in the matrix."
חיבור icount לשופיפיי,he,Target,Money,Medium,automation,NEW: /blog/icount-shopify-integration,,,Google autocomplete (he/IL): returned as the sole suggestion for seed 'icount חיבור'. Absolute volume [unverified - needs Keyword Planner],SERP,"not fetched; the ריווחית analogue is dominated by one small integrator (mrcoral.co.il) running a templated pair-page matrix, 4 of 9 slots","Google handed me this pair query outright. mrcoral.co.il is the proof-of-concept that one templated 'connect X to Y' page per pair ranks in Hebrew — and it proves the ריווחית corner is already taken, which is why this one targets iCount instead."
חיבור crm לחשבונית ירוקה,he,Target,Money,Medium,automation,/blog/crm-israeli-invoicing-integration,,,"No GSC row; not returned by autocomplete as an exact string (the related 'חיבור חשבונית ירוקה למספר הקצאה' was). SERP: fetched in Phase 2, 5 of 8 results are agencies/integrators. Absolute volume [unverified - needs Keyword Planner]",SERP,"mixed — greeninvoice's own integrations directory ranks #1, then ryse.co.il, israelcrm.co.il, comeunity.me (agencies/integrators), esekkesem.com (case study)","This is where Phase 2 disproved the brief's 'vendors own everything' claim: the how-to phrasing is majority agency. Note the #1 result is greeninvoice's own partner directory — the play there is to get listed, not to outrank it."
פיתוח אוטומציות לעסקים,he,Target,Money,Medium,automation,/services/development,,,"Google autocomplete (he/IL): returned, alongside 'פיתוח אוטומציות מותאם אישית' and 'פיתוח אוטומציות'. Trends: parent term at the IL noise floor. Absolute volume [unverified - needs Keyword Planner]",SERP,"7 of 7 specialist automation agencies — automotion, automationbp, wiseflow, bringup.io, d.productive, or-automation, stsiconic. Zero vendors, zero encyclopedia, zero directories","This — not 'אוטומציה לעסקים' — is the category head worth fighting, and that is my main correction to Phase 2's framing. The SERP has no structural moat: no Wikipedia, no tool vendor, no directory, only agencies. Contested by real specialists, but contestable. stsiconic publishes '₪1,490/חודש' in its snippet, so entering means publishing real numbers."
פיתוח אוטומציות מותאם אישית,he,Target,Money,Medium,automation,/services/development,,,Google autocomplete (he/IL): suggested. Absolute volume [unverified - needs Keyword Planner],SERP,same all-agency SERP as above,'מותאם אישית' is the qualifier that separates a hiring searcher from a Make/Zapier DIY searcher. It is the single most useful modifier in this pillar for filtering out the DIY audience that ruins the head terms.
בניית אוטומציות לעסקים,he,Target,Money,Medium,automation,/services/development,,,Google autocomplete (he/IL): suggested under seeds 'בניית אוטומציות' and 'אוטומציות לעסקים'. Absolute volume [unverified - needs Keyword Planner],SERP,same all-agency SERP as פיתוח אוטומציות לעסקים,Verb variant of the same commercial head. Note the sibling 'קורס בניית אוטומציות' also autocompletes — the page copy must lean hard on delivery and price so Google separates the two intents.
שירותי אוטומציה לעסקים,he,Target,Money,Medium,automation,/services/development,,93.3,GSC: parent 'שירותי אוטומציה' 6 impr/89d @ pos 93.3 and 'שירותי אוטומציה עסקית' 1 impr @ 93.0. Google autocomplete (he/IL): 'שירותי אוטומציה לעסקים' suggested. Absolute volume [unverified - needs Keyword Planner],GSC,"agency service pages (crmtoday, tomahawk, trigx, rewire) plus one review directory (expert.co.il)","'שירותי' is an unambiguous hiring prefix — it strips out the courses, the jobs and the free-tool listicles in one word. Aiterra sits at 93 because the impressions land on /services/automation, which 308s."
פתרונות אוטומציה לעסקים,he,Target,Money,Medium,automation,/services/development,,,Google autocomplete (he/IL): suggested under seed 'אוטומציה לעסק'. Absolute volume [unverified - needs Keyword Planner],SERP,"agency service pages; 'פתרונות' is also the industrial vendors' preferred word (yshoham: 'פתרונות אוטומציה לתעשייה'), so the SERP will be partly bled","Commercial phrasing, but flagged: the same word anchors the industrial vendors. Copy must say עסקים and name the software, never 'פתרונות אוטומציה' unqualified, or Aiterra attracts factory buyers it cannot serve."
בוט וואטסאפ מחיר,he,Target,Money,Medium,automation,NEW: /blog/whatsapp-bot-price-israel,,,"Google autocomplete (he/IL): suggested, alongside 'בוט וואטסאפ עסקי' and 'בוט וואטסאפ לעסקים'. Absolute volume [unverified - needs Keyword Planner]",SERP,not fetched for this exact string; the adjacent WhatsApp-API SERP is mixed agency/integrator,"Notable contrast worth acting on: 'בוט וואטסאפ מחיר' autocompletes but 'כמה עולה אוטומציה לעסק' and 'עלות אוטומציה' return nothing at all. Israelis ask the price question about the concrete product, not the abstract category. Price the bot, not the automation."
צ'אט בוט לעסק מחיר,he,Target,Money,Medium,automation,NEW: /blog/whatsapp-bot-price-israel,,,Google autocomplete (he/IL): suggested under seed 'צאט בוט לעסק'; also 'צ'אט בוט לאתר'. Absolute volume [unverified - needs Keyword Planner],SERP,not fetched; adjacent AI-agent SERP is 6 specialist agencies + Microsoft + one comparison listicle,"Same page, second entry point, and it captures searchers who use the chatbot vocabulary rather than the WhatsApp vocabulary. Both spellings (צ'אט / צאט) resolve to the same suggestion, so the apostrophe does not need separate targeting."
אוטומציה לווצאפ,he,Target,Money,Medium,automation,/blog/whatsapp-business-api-crm-integration,,,Google autocomplete (he/IL): returned under seed 'אוטומציה ל' (position 6) — note the ווצאפ spelling; also 'אוטומציות לוואטסאפ' under seed 'אוטומציות'. Absolute volume [unverified - needs Keyword Planner],SERP,mixed integrator/agency,A spelling-variant catch that only Hebrew autocomplete surfaces: Israelis type ווצאפ as well as וואטסאפ. Aiterra's post uses only וואטסאפ. Adding the variant once in body copy is a free capture.
ניהול כרטיס עסק בגוגל,he,Target,Money,Medium,branding-local,NEW: /services/google-business-profile,,,"SERP: returned by Google autocomplete (suggest endpoint, hl=iw&gl=il) in a full 48-probe expansion of 'כרטיס עסק בגוגל'. Volume [unverified - needs Keyword Planner]",SERP,[unverified - not probed on a live SERP],"The single Money string in the entire GBP cluster — someone who wants the profile run for them rather than explained to them. Aiterra already ranks 21.5 for the head term, so topical relevance exists; what is missing is a page that sells the service. Small, high-intent, and it doubles as the internal-linking destination for the guide."
פרסום עסק בגוגל מפות,he,Target,Money,Medium,branding-local,NEW: /services/google-business-profile,,,SERP: returned by Google autocomplete for seed 'עסק בגוגל מפות' (hl=iw&gl=il). Volume [unverified - needs Keyword Planner],SERP,[unverified],'פרסום' (advertise/promote) rather than 'פתיחת' shifts this from how-to to done-for-me. Pairs with ניהול כרטיס עסק בגוגל on the same proposed service page.
מיתוג עסקי ובניית אתרים,he,Target,Money,Medium,branding-local,/services/branding,,,SERP: returned by Google autocomplete for seed 'מיתוג עסקי' (hl=iw&gl=il). Volume [unverified - needs Keyword Planner],SERP,[unverified],"The only branding string in this entire research I would call Money intent, and it is direct autocomplete evidence for the 'branding as an attachment to the web build' thesis rather than a standalone channel. Whoever searches this has already decided to build and is bundling. Make it the H1 framing of /services/branding."
ניהול קמפיינים בגוגל,he,Target,Money,Low,paid-ads,https://www.aiterra.co.il/services/marketing,346,90.5,GSC: 346 impr/89d @ pos 90.5,GSC,"5 service pages / 3 guides; renumber-agency, danielzrihen, sfb, maaseinu (price in title), kroyzer, julian, s-pixel, shtik-global. AI answer summary + 3-slot video carousel present","Do not spend budget here. Google shows this site 346 times and ranks it last — a relevance judgement, not a link problem. Trends: relative index 0 on every point of the 12-month daily series. Alphabet-expanding this exact phrase in Google autocomplete returned ONLY the phrase itself across all 58 characters tested — there is no long-tail depth behind it at all. Keep it as the service page's nominal topic, plan nothing on it."
קידום geo,he,Target,Money,Low,seo-organic,/blog/geo-ai-search-optimization,87,99.2,GSC: 87 impr/89d @ pos 99.2 — split 49 impr on /blog/geo-ai-search-optimization and 38 on the /v2 duplicate,GSC,"8+ Israeli agencies with dedicated /geo pages — seo-rush/geo, seoisrael, yeshnoseo/geo, liel.media, kris, inca, push-digital, wedomedia (advertises '24 מדריכים מקיפים לשליטה בקידום GEO'), angoramedia, getfirst/geo, vibezagency, connvisor; plus a dataforseo.com paid ad","Largest AI-cluster row by impressions but position 99.2 with zero clicks after 89 days, on a SERP where a competitor has already built a 24-guide hub. Low, and the /v2 split makes it worse. Keep the post, refresh it, but do not fund this term — the differentiating asset is a measured citation study, not another entry in the GEO race."
קידום אתרים במרכז,he,Target,Money,Low,seo-organic,NEW: /services/seo,75,96.6,GSC: 75 impr/89d @ pos 96.6 — the single highest-impression query in the whole pillar,GSC,"Templated regional pages — danielzrihen regional guide, koranga, simply-smart, banner.co.il, orimintzmedia (renders 5.0·19 review stars), leos; plus a linkme.organic paid ad","Biggest impression count in the pillar and position 96.6 — Google shows Aiterra but considers it irrelevant. Bat Yam IS מרכז, so a genuine catchment section (בת ים / חולון / ראשל''צ / ת''א) on /services/seo has a legitimate claim the national agencies do not. Rated Low not Medium because 75 impressions at position 96 has produced 0 clicks for 89 days and the term is regional-generic — treat it as a beneficiary of the local work, never as its own project."
שירותי פיתוח ווב,he,Target,Money,Low,web-dev,/services/web-development,37,93.0,GSC: 37 impr/12mo @ pos 93.0 (/blog/custom-web-systems),GSC,[unverified - SERP not fetched],"Real first-party demand that currently lands on a blog post at position 93 — the wrong page and the wrong position. Worth pointing at the restored /services/web-development, which the owner has decided to bring back, purely because it costs nothing to redirect existing impressions to the right destination. Position 93 is not a twelve-month move to page one, so expectations should stay Low."
חנות אינטרנטית לעסק,he,Target,Money,Low,ecommerce,/services/ecommerce,35,54.8,GSC: 35 impr/89d @ pos 54.8 — the 2nd highest impression count in the pillar,GSC,"istores.co.il, tranzila.com/חנות-וירטואלית/, e-shop, web2, wobily, konimbo, catom, webshuk — plus danielzrihen. Note Tranzila, a payment company, ranking on a store-BUILDING term: the acquirers have colonised both vocabularies.","Real impressions and genuinely commercial ('for a business' excludes the shopper audience that pollutes the bare head term), which is why it is not excluded. But the SERP is the head-term vendor set almost unchanged, and the impressions currently land on a blog post that Phase 2 correctly says cannot win a service-page SERP. Low: moving from 54.8 to page one against Konimbo and iStores homepages is not a 12-month proposition. Re-home it to /services/ecommerce as part of the cannibalisation fix and treat any gain as a bonus."
אוטומציה לעסקים קטנים,he,Target,Money,Low,automation,/blog/business-automation-12-processes,31,80.9,"GSC: 31 impr/89d @ pos 80.9, landing /blog/business-automation-12-processes. Google autocomplete (he/IL): suggested. Absolute volume [unverified - needs Keyword Planner]",GSC,"sba.org.il (government — הסוכנות לעסקים קטנים), basecrm.co.il guide hub, expert.co.il directory, plus agencies (automagic, automotion, wiseflow, assistematik)","Real commercial intent, but the SERP stacks a government authority slot, a directory and the best vendor content hub in Hebrew. Reachable only with sustained output, which contradicts running this pillar as a narrow secondary. Keep the existing post current; do not build for this."
שירותי geo,he,Target,Money,Low,seo-organic,"NEW: /services/seo (GEO section, not a page)",22,99.1,GSC: 22 impr/89d @ pos 99.1,GSC,"Agency SERVICE pages — people are already selling this: angoramedia ('בדיקת GEO ראשונית ללא עלות'), vibezagency/services, getfirst.io/geo, ozlevy/seo-services, connvisor, wedomedia/קידום-geo","The commercial variant of the GEO term, and the SERP is entirely service pages — meaning buyers exist. But position 99.1 and 8+ incumbents with dedicated pages. Phase 2's call stands: make GEO a differentiating SECTION on /services/seo, never a page and never the positioning. Recorded here so the section has a term to point at."
ניהול קמפיין בגוגל,he,Target,Money,Low,paid-ads,https://www.aiterra.co.il/services/marketing,19,96.8,GSC: 19 impr/89d @ pos 96.8,GSC,,"Singular variant of the head term, same incumbents, position 96.8. Included for completeness of the GSC picture, not as a target."
אינטגרציה בין מערכות לעסק,he,Target,Money,Low,automation,/services/development,17,96.3,"GSC: 17 impr/89d @ pos 96.3, landing the retired /services/automation. Autocomplete returned NOTHING for this string — a useful counter-example that autocomplete silence is not proof of zero demand. Absolute volume [unverified - needs Keyword Planner]",GSC,"established Israeli IT houses — malamteam.com, magmagroup.co.il — plus agencies (crmtoday, npcoding, upscale, xpera) and one glossary. No vendors, no directories","No structural moat, but the incumbents are enterprise IT houses with decades of authority, and Aiterra is at 96. Worth a section on the service page for topical coverage; not worth a dedicated build inside a 5-6 page budget."
קידום אורגני לאתרי מכירות,he,Target,Money,Low,ecommerce,/services/seo,15,82.1,"GSC: 15 impr/89d @ pos 82.1, landing on /services/seo",GSC,SEO agencies. [Ranks unverified.],"Included because it is one of only two pillar queries already landing on a service page rather than a blog post, and it will be directly affected by the /services/seo restoration. Low because position 82.1 means Google currently considers the page barely relevant, and 15 impressions is a thin base. Sister row 'seo לאתרי מסחר אלקטרוני' (GSC: 5 impr @ 97.8) is the same intent on the same page and should be covered by the same section rather than tracked separately."
מומחה ppc,he,Target,Money,Low,paid-ads,https://www.aiterra.co.il/services/marketing,13,75.0,GSC: 13 impr/89d @ pos 75.0,GSC,"The Hebrew-spelled sibling מומחה גוגל אדס is owned by droralon, boostit (19 שנות ניסיון), ppc-simple (17 שנות ניסיון) and the exact-match domain google-ads.co.il, plus 3 Google-owned slots","Diagnostically the most interesting row in the file: this is one of only three queries where a SERVICE page ranks at all, and that page is /services/adv, which 308-redirects (verified live 2026-09-07). The live /services/marketing URL receives zero internal links from the entire ads cluster. Fix the redirect and the links first; expect little from the query itself."
ייעוץ קידום אתרים,he,Target,Money,Low,seo-organic,NEW: /services/seo,11,85.8,"GSC: 11 impr/89d @ pos 85.8 (siblings: 'ייעוץ לקידום אתרים' 1 impr @ 92.0, 'ייעוץ seo' 2 impr @ 99.5)",GSC,"Named individuals, not agencies. SERP (fetched 2026-09-07): danielzrihen, yeshnoseo.co.il (ליאור ישנו — 'מומחית SEO ו AI קידום אתרים אורגני - 100% שקיפות'), multinet.digital, דניאל מסטר ('יועץ קידום אתרים, מרצה, ומומחה מטעם בית משפט'), masamedia, a-2-z","Confirms Phase 2 with a fresh fetch: the consultancy terms are a PEOPLE SERP. Aiterra shows no author byline on any of 40 posts, names no humans on /about, and its 4 author pages are orphans — so this is not approachable as a faceless agency page at all. Low rather than None because the byline fix is cheap and already half-built (the author records exist in data/authors.json), and it unlocks this whole family."
שירותי עיצוב אתרים,he,Target,Money,Low,branding-local,/services/web-development,11,86.5,GSC: 11 impr/89d @ pos 86.5 (0 clicks),GSC,[unverified - needs a live IL SERP fetch],"Money intent and worth capturing as a by-product of the restored page, but 86.5 against established design studios is not a position to plan around. No dedicated effort."
מומחה קידום אתרים בקרבתי,he,Target,Money,Low,branding-local,/services/seo,9,74.7,GSC: 9 impr/89d @ pos 74.7 (0 clicks). Companion row 'קידום אתרים בקרבתי' GSC: 1 impr/89d @ pos 67.0,GSC,"near-me queries resolve overwhelmingly to the Google local pack, not to organic pages","Genuine buying intent, but this query is won in the map pack, and Aiterra's GBP could not be found in 21 Phase 2 probes plus mine. Without a claimed and categorised profile no page can rank here. Listed so it is scored as a GBP dependency rather than a content task."
שירותי עיצוב אינטרנט,he,Target,Money,Low,branding-local,/services/web-development,7,88.9,GSC: 7 impr/89d @ pos 88.9 (0 clicks),GSC,[unverified - needs a live IL SERP fetch],Tail member of the orphaned design cluster. Include in the restored page's copy; expect nothing on its own.
חברת קידום אתרים במרכז,he,Target,Money,Low,seo-organic,NEW: /services/seo,6,69.8,GSC: 6 impr/89d @ pos 69.8,GSC,Agency service pages + the ymdigital 'חברות מומלצות' listicle,"Position 69.8 is the best of the whole city/region cluster, which suggests the חברה + מרכז combination is less defended than either word alone. Still Low: it is an agency-homepage SERP and Aiterra has no reviews, no sameAs and no GBP to compete with."
חברת עיצוב אתרים,he,Target,Money,Low,branding-local,/services/web-development,6,91.7,GSC: 6 impr/89d @ pos 91.7 (0 clicks),GSC,[unverified - needs a live IL SERP fetch],"Same intent as חברה לעיצוב אתרים but ranked 8 positions worse, which tells you Google is not yet treating the site as a design vendor. A restored page is the prerequisite; results follow it, not the other way round."
חברת קידום אתרים במרכז,he,Target,Money,Low,branding-local,/services/seo,6,69.8,GSC: 6 impr/89d @ pos 69.8 (0 clicks),GSC,SEO agencies + b144,"Notably 27 positions better than the bare קידום אתרים במרכז (96.6), which suggests the 'חברת' company-shaped phrasing is less contested. Still not winnable in 12 months, but it is the geo query I would watch after /services/seo is restored."
seo לאתרי מסחר אלקטרוני,he,Target,Money,Low,seo-organic,/services/ecommerce,5,97.8,GSC: 5 impr/89d @ pos 97.8,GSC,Agency ecommerce-SEO pages,HE/EN code-mixed formal variant. Low on its own — position 97.8 — but it is free vocabulary for the same section. Recorded rather than targeted.
חברת קידום אתרים אורגני,he,Target,Money,Low,seo-organic,NEW: /services/seo,4,94.2,GSC: 4 impr/89d @ pos 94.2 (sibling 'חברה לקידום אתרים אורגני' 4 impr @ 93.8),GSC,Agency homepages,Included because the אורגני qualifier is exactly the disambiguation the restored /services/seo needs in order not to collide with /services/marketing. Low on its own merits — position 94 on an agency-homepage SERP — but it is the right H1 vocabulary.
ניהול פרסום בגוגל,he,Target,Money,Low,paid-ads,https://www.aiterra.co.il/services/marketing,2,86.5,GSC: 2 impr/89d @ pos 86.5,GSC,,"Two impressions at position 86.5. Recorded so the table is a complete account of GSC, not because it is worth work."
קידום אתרים גדרה,he,Target,Money,Low,branding-local,/services/seo,2,21.0,"GSC: 2 impr/89d @ pos 21.0 (0 clicks). Sibling periphery rows: קידום אתרים בעמק יזרעאל 1 impr @ pos 19.0, קידום אתרים טבריה 2 impr @ 53.0, קידום אתרים בגליל העליון 3 impr @ 53.7, קידום אתרים בעכו 1 impr @ 76.0",GSC,"[unverified - not probed; the absence of a mature city tree is inferred from the position gap, not observed]","CORRECTION TO THE PHASE 2 SUMMARY, which said 'pos 90.6 to 100.0 across 13 queries'. That is true only of dense-metro queries. In the periphery Aiterra already sits at 19-54 on the identical query template, purely because nobody is competing. It does not change the verdict — these are 1-3 impression towns Aiterra has no presence in and should not write pages for — but the accurate statement is 'we rank 90-100 where the money is and 19-54 where nobody competes'."
אוטומציה עסקית מחיר,he,Target,Money,Low,automation,/blog/business-automation-cost-roi,1,92.0,"GSC: 1 impr/89d @ pos 92.0, landing /blog/business-automation-cost-roi. Google autocomplete (he/IL): suggested under seed 'אוטומציה עסקית' — the ONLY non-course price phrasing that autocompletes in this pillar. Absolute volume [unverified - needs Keyword Planner]",GSC,"100% specialist automation agencies publishing real price tables — achiya-automation x2, nativai, marketing-automation.co.il, automaziot.ai, stsiconic","Aiterra's thinnest post (514 words) at position 92 against incumbents who publish shekel figures. Entering this fight requires Aiterra's own real numbers, not a rewrite — an owner decision, not an SEO one. If the owner will not publish prices, leave it and put the budget into the WhatsApp bot price page instead, where the demand phrasing is concrete."
בניית מיתוג ויזואלי לעסק,he,Target,Money,Low,branding-local,/services/branding,1,98.0,GSC: 1 impr/89d @ pos 98.0 (0 clicks),GSC,design studios and solo designers,Correct intent for /services/branding but position 98 on 1 impression is noise. Include the phrase in the page copy; plan nothing around it.
תחזוקת אתר וורדפרס,he,Target,Money,Low,maintenance,"NEW: /services/maintenance (a SECTION on that page, NOT a separate page)",0,,Autocomplete: confirmed as one of four suggestions off 'תחזוקת אתר'. GSC: 0 impr/89d. Trends: 0 in EVERY weekly bucket over 5 years (geo IL),Trends,"The most crowded corner in the cluster — 8+ of the top 20 titles for the head term carry וורדפרס; digitizer, bewiser, morazweb and mnemir sell WordPress maintenance as a productised monthly package at ₪250-700/month","Deliberately demoted to a section. Competitor supply is enormous but measurable demand is zero on both independent sources: no GSC impression in 89 days and no Trends signal in any weekly bucket across five years. Aiterra also does not build WordPress, so selling this means supporting someone else's technical debt. Cover it for topical completeness; do not spend a page on it."
חברה לבניית אתרים בבת ים,he,Target,Money,Low,web-dev,NEW: /services/web-development-bat-yam,,,[unverified - needs Keyword Planner] — no GSC row; Google autocomplete (hl=iw&gl=il) returns no suggestion for the city string,unverified,same directory-led SERP as the base city term,"Already the H1 phrasing of the existing Bat Yam post, so it costs nothing to keep. But there is zero demand evidence of any kind for the חברה-prefixed variant — I am including it only as a secondary heading on the city page, never as a page of its own."
בניית אתרים בחולון,he,Target,Money,Low,web-dev,/blog/web-development-gush-dan,,,[unverified - needs Keyword Planner] — Google autocomplete returns NOTHING; the page targeting it (/blog/web-development-gush-dan) has 0 GSC impressions in 12mo,unverified,[unverified - SERP not fetched],"Below autocomplete threshold and with a twelve-month zero in GSC, there is no evidence this query has meaningful demand. Keep it as a line inside the multi-city post; do not fund a page."
מחירון בניית אתרים,he,Target,Money,Low,web-dev,/blog/website-cost-israel-2026,,,"[unverified - needs Keyword Planner] — Google autocomplete self-confirms, but returns no expansions beyond itself",unverified,digitizer.co.il ~1 with 'מחירון 2026 + מחשבון'; nexoagency.org/calculator ~2 with an interactive cost calculator,"Downgraded deliberately. The מחירון format has already been claimed by two incumbents who ship an interactive instrument, and Phase 2 is right that beating a calculator needs a better calculator, not a better article. Chase this only if Aiterra is willing to build the tool."
בניית אתרים לעסקים קטנים,he,Target,Money,Low,web-dev,/services/brochure,,,"[unverified - needs Keyword Planner] — Google autocomplete self-confirms, but its only sibling suggestion is בניית אתרים בחינם לעסקים קטנים",unverified,"read-across from בניית אתרים לעסקים: danielzrihen ~1, hyp.co.il ~2 (aggregator listicle), 2link, lana, clicky, bizonmap, yosseftiran","Downgraded. It sits one modifier away from the head family Phase 2 declared LOST, its autocomplete sibling is a בחינם query, and GSC has Aiterra at position 63–95 across that whole family. Serve it as copy on the brochure page; do not build for it."
העברת אתר מוויקס,he,Target,Money,Low,web-dev,/blog/website-migration-wix-redesign,,,[unverified - needs Keyword Planner] — Google autocomplete returns exactly ONE completion: העברת אתר מוויקס לוורדפרס. The prefix מעבר מוויקס returns nothing at all,unverified,"Wix→WordPress migration content only — danielzrihen ×3, askpavel, hostcenter, easycloud, alechka","Third independent confirmation of the Phase-2 kill, now from autocomplete: in Hebrew the only searched destination for a Wix migration is WordPress. The migration frame is real and the existing post is correctly named after it, but Aiterra will lose every reader who arrives expecting a WordPress destination. Keep the page, keep it honest about what it migrates TO, and do not invest further. The 'מעבר' phrasing has no demand whatsoever."
מומחה פרסום ממומן בגוגל,he,Target,Money,Low,paid-ads,https://www.aiterra.co.il/services/marketing,,,"[unverified - needs Keyword Planner] — live Google autocomplete suggestion (hl=iw&gl=il, 2026-09-07)",unverified,"SERP (מומחה גוגל אדס): droralon, boostit, ppc-simple, knp, google-ads.co.il exact-match domain, sitelly, airdigital + 3 Google-owned","Every ranking competitor puts a years-of-experience number in the title tag and one owns the exact-match domain. Aiterra cannot manufacture 17 years. Skip unless the Google Partner badge is obtained, which would change the title tag and therefore the game."
הקמת חנות אינטרנטית מחיר,he,Target,Money,Low,ecommerce,NEW: /blog/online-store-cost-israel,,,"[unverified - needs Keyword Planner] · Google autocomplete: exact self-suggestion, one of only three completions for the seed 'הקמת חנות אינטרנטית' · GSC: 0 rows · Trends: floors at 0 with isolated spikes to 88 and 13",unverified,"danielzrihen.co.il and e-shop.co.il hold the top of this SERP with dedicated, mature pricing guides.","Low, not Medium, and I want the reason on the record: this is the head of the price cluster and it is contested by established pricing guides, not empty. Aiterra's own ceiling on cost content is visible — the maintenance-cost post has 1,537 impressions and still only ranks 37.5. Realistic target here is position 20-30, which produces few clicks. Include it because the page must cover it, not because it will win it."
בניית חנות אינטרנטית מחיר,he,Target,Money,Low,ecommerce,NEW: /blog/online-store-cost-israel,,,"[unverified - needs Keyword Planner] · Google autocomplete: exact self-suggestion, and the #1 completion for the seed 'בניית חנות אינטרנטית' · GSC: 0 rows",unverified,"Inherits the head-term SERP's vendor pressure (e-shop, Konimbo) plus the agency pricing guides.","Being the top completion of the main money head term makes this the highest-demand price variant, but it also drags in the head SERP's vendor incumbents. Low for the same reason as the row above. Worth covering on-page; not worth a dedicated asset."
בניית חנות אינטרנטית,he,Target,Money,Low,ecommerce,/services/ecommerce,,,[unverified - needs Keyword Planner] · Google autocomplete: exact self-suggestion · GSC: 0 rows for this exact string (the site does NOT appear for the main money head term) · Trends: below the reporting floor as a standalone comparison term for essentially the whole 12-month window,unverified,"hyp.co.il (payment vendor blog), e-shop.co.il, web2.co.il, catom.com, magento.co.il, webshuk.com — 6 of 7 are homepages or service pages of companies whose entire business IS this keyword. Only orimintzmedia.co.il survives as generalist-agency content.","Recorded as a deliberate loss rather than omitted, because the owner will ask about it. This is the pillar's core money term and Aiterra does not appear for it at all. Phase 2's verdict stands: the SERP's page-type composition (13 of 14 commercial vendor pages across the two head queries) means the incumbents are entity-level, ranking with homepages, and a domain that took 32 clicks in 89 days does not displace them in a year. Do not budget content for it. Low rather than None only because /services/ecommerce must target it on-page regardless — it is the page's own subject."
חברת תחזוקת אתרים,he,Target,Money,Low,maintenance,NEW: /services/maintenance,,,"SERP: dedicated pages ranking from digita.co.il/website-maintenance-company/, leos.co.il, wemanage.co.il/our-services/website-maintenance-services/ and hadara-digital.com (WebSearch, 2026-09-07). No GSC row, no autocomplete suggestion. Volume [unverified - needs Keyword Planner]",SERP,Vendor-seeking service pages — the most explicitly commercial page type in the cluster,"A distinct vendor-seeking query shape that competitors build dedicated pages for and Aiterra has zero visibility on. Low shot because there is no existing position to build from and no verified demand — but it costs nothing to serve, since it is the same page as Tier 1 and only needs the phrase in an H2 and the title."
חבילת תחזוקה חודשית לאתר,he,Target,Money,Low,maintenance,NEW: /services/maintenance,,,[unverified - needs Keyword Planner],unverified,"Productised monthly packages with carts — digitizer.co.il (₪250/450/700 per month), bewiser, morazweb, mnemir (WebSearch 2026-09-07)","HYPOTHESIS. Autocomplete returns ZERO at this prefix and there is no GSC row; it was in the original brief's seed list on no evidence. The commercial SHAPE is right — competitors sell exactly this — so serve the concept through the service page's tier names and monthly pricing, but do not treat the phrase as a target until Keyword Planner confirms it exists."
תחזוקת אתר בקוד ללא וורדפרס,he,Target,Money,Low,maintenance,NEW: /blog/website-maintenance-without-wordpress,,,[unverified - needs Keyword Planner],unverified,Effectively unwritten. The entire corpus covers custom-code maintenance in one line — itayost's 'Custom built (React/Next.js): ₪100-500 לחודש',"HYPOTHESIS with zero verified demand, listed because it is the one genuinely ownable angle and Aiterra ships Next.js. IMPORTANT TRAP found this session: the corpus's only real treatment is actively hostile to the business model — danielzrihen.co.il ranks while stating 'בעלי אתרים בקוד ללא מערכת אינם צריכים תחזוקה שוטפת – הקוד אינו משתנה'. This page must argue LESS maintenance, not NO maintenance, or it will talk the reader out of the retainer it exists to sell."
מספר הקצאה ריווחית,he,Target,Money,Low,automation,NEW: /blog/allocation-number-api-integration,,,Google autocomplete (he/IL): both 'מספר הקצאה ריווחית' and 'מספר הקצאה לחשבונית ריווחית' returned. Absolute volume [unverified - needs Keyword Planner],SERP,"not fetched for this exact string; the Morning-branded equivalent was 8 of 8 vendor, so expect vendor-heavy","Named tool crossed with Israeli statute — the exact shape that works for Aiterra. Scored Low only because the brand-qualified regulatory SERP I did fetch was completely vendor-owned. Treat as a subsection with its own H2, and measure before investing further."
מספר הקצאה icount,he,Target,Money,Low,automation,NEW: /blog/allocation-number-api-integration,,,Google autocomplete (he/IL): both 'מספר הקצאה icount' and 'מספר הקצאה לחשבונית icount' returned. Absolute volume [unverified - needs Keyword Planner],SERP,not fetched for this exact string; icount owns 5 of 6 on its own API SERP,"Same treatment as the ריווחית row. Aiterra already ranks 9.5 on a query containing iCount, so the association exists — this extends it into the regulatory vocabulary rather than fighting iCount for its own docs."
חברת אינטגרציה,he,Target,Money,Low,automation,/services/development,,,"Google autocomplete (he/IL): suggested, with 'חברת אינטגרציה פתח תקווה' and 'חברת אינטגרציה מה זה'. Absolute volume [unverified - needs Keyword Planner]",SERP,not fetched; the sibling 'אינטגרציה בין מערכות לעסק' SERP is enterprise IT houses,"Hiring-shaped ('חברת' = which company do I engage) and the geo-modifier suggestion proves a local variant exists — but 'מה זה' also autocompletes, so a third of the intent is definitional. Low priority; note the geo angle for a future Bat Yam / מרכז local play."
אוטומציות ai לעסקים,he,Target,Money,Low,automation,/services/development,,,"Google autocomplete (he/IL): 'אוטומציות ai', 'אוטומציות ai לעסקים', 'אוטומציות ai לעסק', 'אוטומציות וסוכני ai', 'אוטומציות לעסקים ai', 'סוכני ai לעסקים' all returned. Absolute volume [unverified - needs Keyword Planner]",SERP,"6 dedicated AI-automation agencies (achiya-automation, auto-flow, aiautomation.co.il, whale.co.il, automaziot.ai, aitermi) + Microsoft Copilot + a stsiconic comparison listicle","The fastest-growing framing in the harvest — the AI qualifier now attaches to almost every automation seed. But every incumbent is a specialist publishing 2026-dated content and there is already a comparison listicle acting as a gatekeeper. Aiterra has zero GSC presence here. Record it as a watch item and a candidate for directory inclusion, not a build target this cycle."
חיבור סליקה לאתר,he,Target,Money,Low,automation,/services/ecommerce,,,Google autocomplete (he/IL): 'חיבור סליקה לאתר' and 'חיבור סליקה שופיפיי' both returned. Absolute volume [unverified - needs Keyword Planner],SERP,"payment vendors dominate — pelecard.com took 2 of 7 on the API/store SERP I fetched, plus tranzila, istores","Sits on the ecommerce pillar's border, so route it there rather than duplicating. Low here because payment gateways own their own integration vocabulary the way Morning and iCount own theirs."
חברת בניית אתרים מומלצת,he,Target,Money,Low,branding-local,/services/brochure,,,SERP: one of only TWO strings returned by a full 48-probe autocomplete expansion of 'חברת בניית אתרים' (hl=iw&gl=il). Volume [unverified - needs Keyword Planner],SERP,directories are purpose-built for this query — d.co.il runs an explicit /recommended/ tier and t.co.il publishes '10 החברות המומלצות ביותר' pages per city,"High intent and Google confirms it exists, but 'recommended' queries are structurally directory territory — the correct response is to BE in the directories, not to outrank them. Also the reason the review gap matters: recommendation SERPs are won with third-party proof."
חנות אינטרנטית,he,Target,Money,None,ecommerce,/services/ecommerce,186,40.0,"GSC: 186 impr/89d @ pos 40.0, 0 clicks — the largest single query in the pillar (12mo: 178 impr on /blog/business-site-vs-online-store plus 16 on /blog/ecommerce-store-that-sells) · Trends: steady relative index 12-23",GSC,"istores.co.il, hyp.co.il, e-shop.co.il, wobily.com, konimbo.co.il, catom.com — 100% platform-vendor/SaaS homepages. Konimbo claims 1,200+ businesses; e-shop claims 25+ years.","Scored None, explicitly, on the largest impression count in the pillar — and that is the correct call. Closing a ~37-position gap to a top-three incumbent homepage in a market this concentrated, inside 12 months, from this domain, is not a plan; anyone promising it is selling something. It stays in the table for two reasons: /services/ecommerce must be the surviving canonical URL for it under Phase 2's cannibalisation ruling, and the 186 impressions are the clearest available evidence that the pillar has real demand Aiterra is failing to convert. Treat it as a long-horizon brand-equity term, not a content target."
קידום אתרים במרכז,he,Target,Money,None,branding-local,/services/seo,75,96.6,GSC: 75 impr/89d @ pos 96.6 (0 clicks),GSC,"eight established SEO agencies running mature multi-level city trees (leos.co.il runs a three-level regional doorway tree, myseoassistant 15+ yrs, gotop 11+ yrs) plus b144","Largest geo query by impressions and Google's answer is 'you are the 97th best result'. Do NOT contest it. It is in the table for one reason: it and its 25 siblings (351 impr/89d total) currently land on /services/seo, which 308s to a paid-campaigns page with zero organic content. Give the demand a real page so it stops bouncing off a redirect; expect no ranking gain within 12 months."
קידום אתרים ברמת גן,he,Target,Money,None,branding-local,/services/seo,53,92.1,GSC: 53 impr/89d @ pos 92.1 (0 clicks),GSC,"leos.co.il, seomentor, myseoassistant, gotop, yardengroup, cxm, asmarketing, gnss — each with a dedicated Ramat Gan page — plus b144","The most-lost sub-cluster in the pillar. Eight incumbents with mature city trees, Aiterra at 92.1, and no live organic-SEO service page to support the claim. Never build a Ramat Gan page; claim the city through GBP service areas instead."
קידום אתרים בהרצליה,he,Target,Money,None,branding-local,/services/seo,51,90.6,GSC: 51 impr/89d @ pos 90.6 (0 clicks),GSC,same entrenched SEO-agency city trees,"Same verdict as Ramat Gan. Aiterra has no Herzliya presence, no Herzliya truth and no organic-SEO page. Routing it to a restored /services/seo is the whole action."
שירותי קידום אתרים,he,Target,Money,None,seo-organic,NEW: /services/seo,46,94.8,GSC: 46 impr/89d @ pos 94.8,GSC,"Agency service pages — emarker, ozlevy/seo-services, the ymdigital 'חברות מומלצות' listicle, rankey, shop.bestlinks, seoisrael, ekd, galyam-studio","RECORDED, NOT BUDGETED. Position 94.8 against domains at 12–25 years of specialisation, with rankey at 318 URLs and avinu at 410 versus Aiterra's 70 sitewide across every pillar. Nothing on-page moves 94.8 into the top 10 inside a year on a term this defended. It must still be the H1 of the restored /services/seo for relevance and for the long game — just do not measure the page by it."
קידום אתרים בדרום,he,Target,Money,None,branding-local,/services/seo,30,97.6,"GSC: 30 impr/89d @ pos 97.6 (0 clicks). Sibling rows: בצפון 7 impr @ 99.4, בשרון 10 impr @ 84.2, חברה לקידום אתרים בדרום 2 impr @ 82.5",GSC,regional doorway trees from the same SEO agencies,"Region-level rather than city-level, and Aiterra is in Bat Yam — 'south' is not a claim it can make truthfully. Grouped here with בצפון/בשרון so the parent does not treat four regional queries as four opportunities."
ניהול קמפיין גוגל,he,Target,Money,None,paid-ads,https://www.aiterra.co.il/services/marketing,2,99.5,GSC: 2 impr/89d @ pos 99.5,GSC,,Position 99.5 — the last slot Google will show. No path from here in 12 months.
קידום אתרים,he,Target,Money,None,seo-organic,NEW: /services/seo,,,"Trends: peaks at relative index 100 on the IL 12-month daily series and is the ONLY term in this pillar with a continuous non-zero series (10-100) — everything else I compared reads 0-14 on the same scale. This is a relative index, NOT a volume; absolute [unverified - needs Keyword Planner]",Trends,"Agency homepages for 8 of 9 slots — danielzrihen ('17+ שנים'), seoisrael ('21 שנות ניסיון'), rankey, simply-smart ('מעל 25 שנות ניסיון'), webs, rego, study.co.il (a COURSE page — intent contamination), seolinks, he.wikipedia.org. Google renders a סקירת AI slot citing webs and rankey","RECORDED, NOT BUDGETED. By far the biggest term in the pillar and comprehensively lost for 12 months. danielzrihen.co.il appears in 16 of the 20 SERPs Phase 2 fetched. The page type is agency homepages, so there is no weak article to displace, and study.co.il ranking page 1 with a course page proves a chunk of this pool is students. Listed so the number is on the record and nobody re-proposes it."
חברת קידום אתרים,he,Target,Money,None,seo-organic,NEW: /services/seo,,,[unverified - needs Keyword Planner]. SERP: #1 is ymdigital.co.il '8 חברות קידום אתרים מומלצות מניסיון אישי | מעודכן ל-2026' — an agency-owned listicle recommending other agencies,SERP,"An advertorial listicle at #1, then seolinks, expert.co.il/reviews (a DIRECTORY showing 4.9·6 / 4.8·2 / 5.0·1 ratings), simply-smart, webs, seo-up, rego, rankey. On the מומלצות variant a ynet 'המברקה' advertorial also holds page 1","RECORDED, NOT BUDGETED as an organic target — but note that at least three page-1 slots here (ymdigital's listicle, expert.co.il, ynet המברקה) are commercial placements. That is a phone call and a budget line, not an SEO project, and it is the only realistic route onto this SERP inside 12 months."
מומחה קידום אתרים,he,Target,Money,None,seo-organic,NEW: /services/seo,,,"[unverified - needs Keyword Planner]. SERP: entirely named individuals — yeshnoseo.co.il (ליאור ישנו), multinet.digital, danielzrihen, sergei.co.il (סרגיי פיסמני), expert.co.il (directory), avinu.co.il (bylined 'אברהם רגבסקי'), simply-smart",SERP,"Personal-brand sites of named SEO consultants, plus one review directory","RECORDED, NOT BUDGETED. A faceless agency page cannot win a SERP composed entirely of people's names. The PAA here ('מי הוא מקדם אתרים מומחה?', 'מה עושה מומחה קידום אתרים?') recurs across three of the pillar's commercial SERPs, so the E-E-A-T prerequisite — bylines, a named human with a face and a track record — pays off across the pillar even though this specific term stays out of reach."
פרסום בגוגל ובפייסבוק,he,Target,Comparison,High,paid-ads,https://www.aiterra.co.il/blog/ppc-minimum-budget-israel,17,15.8,GSC: 17 impr/89d @ pos 15.8,GSC,"Budget guides + two interactive calculators in the top 7 on the sibling query תקציב מינימלי לגוגל אדס (aston.co.il/tools, boostit.co.il/guides/tools)",Second-best position in the pillar and the cheapest defensible win available. Two calculators rank top-7 on the adjacent budget SERP and the #1 result's whole thesis is a formula. Aiterra builds tools for a living — bolt a Hebrew budget-floor calculator onto a post already at 15.8 rather than writing more prose.
חשבונית ירוקה icount,he,Target,Comparison,High,maintenance,/blog/crm-israeli-invoicing-integration,7,12.7,GSC: 7 impr/89d @ pos 12.7,GSC,"Vendor homepages and help centres — icount.co.il, greeninvoice.co.il — plus generic comparison pages. Zero maintenance content of any kind occupies this space","This is the best non-branded commercial position the domain holds ANYWHERE — better than תחזוקת אתר at 18.4 — and it is the hard evidence for the whole 'Israeli-specific integration content ranks for this domain' thesis. Honest caveat on intent: the searcher is comparing accounting software, not shopping for a retainer, so it is Comparison rather than Money and will not itself produce maintenance leads. Its value is as proof the moat strategy works, and as an internal-link source into the new service page."
חשבונית ירוקה icount,he,Target,Comparison,High,automation,/blog/crm-israeli-invoicing-integration,7,12.7,GSC: 7 impr/89d @ pos 12.7; 12-mo file 6 impr @ pos 9.5 on /blog/crm-israeli-invoicing-integration. Absolute volume [unverified - needs Keyword Planner],GSC,"vendor-heavy on brand-doc phrasings (greeninvoice 8/9, icount 5/6), but the how-to phrasing is 5 of 8 agencies/integrators","Aiterra's single best position in the whole pillar, on a page that is structurally sound but under-built (727 words, 5 H2, 0 H3, 2 FAQ). The one-word fix: the word מורנינג appears 0 times in all 40 posts while Google autocompletes 'חשבונית ירוקה' to 'חשבונית ירוקה מורנינג' as suggestion #2."
מה ההבדל בין אתר תדמית לדף נחיתה,he,Target,Comparison,High,web-dev,NEW: /blog/brochure-site-vs-landing-page,,,[unverified - needs Keyword Planner] — Google autocomplete returns the entire six-word string as a suggestion for the prefix אתר תדמית ל,unverified,"micro-studios and personal blogs only — lines-studio, thm, msdigital, yossimizrachi, ananim-art, cpo. No directory, no authority portal, no agency of scale","The softest SERP I fetched in this entire pass, and Google suggesting a full six-word natural-language string is a strong signal that people type it verbatim. Aiterra sells both sides of the comparison — /services/brochure and the live /landing product — so it can answer honestly instead of steering, which is what every incumbent does. Highest confidence-to-effort ratio in the table."
מה ההבדל בין דף נחיתה לאתר תדמית,he,Target,Comparison,High,paid-ads,https://www.aiterra.co.il/blog/landing-pages-that-convert,,,"[unverified - needs Keyword Planner] — live Google autocomplete suggestion (hl=iw&gl=il, 2026-09-07), alongside מה ההבדל בין דף נחיתה לאתר and מה ההבדל בין דף נחיתה לדף מכירה",unverified,,"A buyer deciding between two things Aiterra sells, which is the highest-value comparison shape there is. Three distinct ההבדל variants surfaced in autocomplete, so the confusion is real and repeated. Aiterra already has both the landing-page post and the brochure-site service page; this is the bridge between them and costs one section to write."
חברות סליקה שופיפיי,he,Target,Comparison,High,ecommerce,NEW: /blog/shopify-israel-clearing,,,"[unverified - needs Keyword Planner] · Google autocomplete: exact self-suggestion, from the 10-item 'שופיפיי סליקה' block · GSC: 0 rows · Trends: below reporting floor",unverified,"Comparison content is demonstrably agency-held: Phase 2 §3.7 found codix.co ('כולל טבלה השוואת מחירים'), netw.co.il and easypress.co.il ranking above/among the acquirers on the parallel comparison query.","The comparison slot is permanently closed to vendors — Cardcom will never publish a table that names PayPlus — and Phase 2 verified that three agencies of Aiterra's size already win the equivalent סליקה-comparison SERP. That is proof of page type, not a hunch. A neutral 'which Israeli acquirer actually connects to Shopify, at what cost, with what breaks' table is the single most defensible asset available in this pillar."
עיצוב ומיתוג,he,Target,Comparison,Medium,branding-local,/services/branding,2,56.0,GSC: 2 impr/12mo @ pos 56.0 (0 clicks),GSC,boutique design studios and solo designers,"One of only two queries /services/branding has ever earned an impression on in 12 months — the page is otherwise invisible. Position 56 with essentially no signal means there is headroom, but the honest framing is that this page should be repositioned as an attachment to the web-build sale, not run as an acquisition channel."
פרילנסר מול חברת בניית אתרים,he,Target,Comparison,Medium,web-dev,/blog/freelancer-vs-web-agency,,6.0,"[unverified - needs Keyword Planner] — NOT tested in autocomplete, and the existing page /blog/freelancer-vs-web-agency has GSC rows only for brand queries (ביקורות על aiterra agency, 4 impr @ pos 6.0)",unverified,[unverified - SERP not fetched],"Included with the weakest evidence of anything in this table, and I am saying so rather than dressing it up: I did not test it in autocomplete and did not fetch its SERP. It earns a place only because the asset already exists and its buyer-stage intent is correct. Verify before funding any work on it. The one real datum is interesting on its own — the page's only GSC impressions are people searching for reviews of Aiterra, at position 6."
איך לבחור חברת קידום אתרים,he,Target,Comparison,Medium,seo-organic,/blog/seo-services,,,[unverified - needs Keyword Planner]. SERP: Google IL autocomplete for the seed 'חברת קידום אתרים',SERP,"Agency-written selection guides + one bought slot — adactive, danielzrihen, koranga, ynet.co.il, ymdigital, extra.co.il, lead-ya, scotty, tranzila.com","Aiterra ALREADY HAS this page — /blog/seo-services, 'איך בוחרים שירותי קידום אתרים? המדריך שיחסוך לכם שנה של תקציב מבוזבז', live and returning 200 — and it appears in ZERO rows of either GSC export. It ranks for literally nothing. Retitling it to the autocomplete phrasing and adding the buyer-protective specifics (who owns the Search Console property, notice period, what happens to content and links at exit) is the cheapest content win in the pillar: an existing URL, an existing 200, an obvious mismatch."
קידום אורגני או ממומן,he,Target,Comparison,Medium,seo-organic,NEW: /blog/seo-vs-ppc-israel,,,[unverified - needs Keyword Planner]. SERP: Google IL autocomplete for the seed 'קידום אורגני מ',SERP,"Agency comparison posts + video — danielzrihen (2 videos in the carousel), getfirst.io, koranga, rego, ekd, webshuk, webmanager; Google renders an AI overview that splits the answer into 'קידום אורגני (SEO)' vs 'קידום ממומן (PPC)'","The one comparison query where Aiterra has a structural advantage over every specialist on the SERP: it genuinely sells BOTH, so an honest 'when we tell clients to spend on ads instead' page is credible in a way a pure-SEO shop's cannot be. It also does the internal-linking job of cleanly separating /services/seo from /services/marketing, which is the confusion that caused the 308 in the first place."
חוזה קידום אתרים,he,Target,Comparison,Medium,seo-organic,NEW: /blog/seo-retainer-contract-israel,,,[unverified - needs Keyword Planner]. SERP: the two most substantive ranking pages are dated 16 Apr 2020 (seolinks.co.il/seo-contract) and 15 Feb 2021 (askpavel.co.il) — 5-6 years stale,SERP,"Sellers writing about their own contracts — danielzrihen/מכירות, leos, seolinks (2020), askpavel (2021), divinesites, קידוםבגוגל.co.il ('איך תדע אם חברת הקידום שלך דופקת אותך?')","Phase 2 GAP 3, and the staleness is the opening: nobody has refreshed this since 2021 and every ranking page is written from the seller's side. The buyer-protective version (who owns the Search Console property, who owns content and backlinks at exit, notice period, what ריטיינר means contractually, VAT, domain and hosting) is 100% Israeli-contract-specific — structurally impossible for an international SEO site to write. Reader is already unhappy with a vendor, which is the best possible conversion context."
שופיפיי או ווקומרס,he,Target,Comparison,Medium,ecommerce,NEW: /blog/shopify-vs-woocommerce-israel,,,"[unverified - needs Keyword Planner] · Google autocomplete: returned as a completion for the seed 'שופיפיי או' · GSC: 0 rows · note 'שופיפיי מול ווקומרס' returns NOTHING — 'או' is the connector Israelis use, not 'מול'",unverified,"danielzrihen.co.il (solo consultant, platform-comparison post) recurs across three separate SERPs in this pillar — the comparison slot is held by independents, not platforms.","A platform vendor cannot write a fair comparison of itself against a rival, so this is permanently open to a neutral builder — the same structural logic that makes the סליקה comparison winnable. The useful research finding here is the connector: 'מול' returns zero suggestions while 'או' returns three, so the page must be titled with 'או'. Aiterra's differentiator is the Israeli angle neither international comparison can offer: which one actually connects to local clearing and invoicing."
שופיפיי או וורדפרס,he,Target,Comparison,Medium,ecommerce,NEW: /blog/shopify-vs-woocommerce-israel,,,[unverified - needs Keyword Planner] · Google autocomplete: completion for the seed 'שופיפיי או' · GSC: 0 rows,unverified,Independent consultants and small agencies; no platform-vendor lock.,"Same page, second spine query. Kept while 'שופיפיי או וויקס' was excluded because a searcher weighing Shopify against WordPress is evaluating two systems that both normally require a builder, whereas the Wix comparison self-selects for the DIY end of the market."
crm עם הפקת חשבוניות,he,Target,Comparison,Low,automation,/blog/crm-israeli-invoicing-integration,8,18.5,"GSC: 8 impr/89d @ pos 18.5 (12-mo: same, landing /blog/crm-israeli-invoicing-integration). Absolute volume [unverified - needs Keyword Planner]",GSC,"9 of 9 tool vendors, zero agencies — basecrm.co.il takes 4 slots with its /guides/ hub, plus salesforce.com/il, zebracrm, mybusiness, ypay","Structurally capped, and I want this stated plainly because pos 18.5 looks like a prize. It is a software-choice SERP: the searcher wants to know which product to buy, not who to hire. Hold mid-page, harvest the odd lead, invest nothing further."
מעצבת אתרים,he,Target,Comparison,Low,branding-local,/services/web-development,5,82.2,GSC: 5 impr/89d @ pos 82.2 (0 clicks),GSC,"individual freelance designers (the feminine singular signals a person, not a company)","Borderline. The grammatical form means the searcher wants a freelancer, which is the buyer Aiterra loses to on price. Captured incidentally by the restored page; do not optimise for it."
חברת בניית אתרים מומלצת,he,Target,Comparison,Low,web-dev,/blog/how-to-choose-digital-agency,,,[unverified - needs Keyword Planner] — Google autocomplete self-confirms,unverified,"directories and listicles — midrag.co.il, t.co.il ('10 החברות המומלצות'), d.co.il, b144, digitalix, plus hyp.co.il's platform round-up","Low as a RANKING target and high as a PLACEMENT target — the distinction matters. This SERP is owned by directories and 'top 10 agencies' listicles, which Aiterra cannot outrank but can get listed in far more cheaply. Budget this as outreach to midrag / d.co.il / b144 / digitalix / hyp.co.il, not as content. That same listing work also serves the Bat Yam local play, so the two share a budget line."
חברות פרסום בגוגל,he,Target,Comparison,Low,paid-ads,https://www.aiterra.co.il/blog/how-to-choose-digital-agency,,,"[unverified - needs Keyword Planner] — live Google autocomplete suggestion (hl=iw&gl=il, 2026-09-07)",unverified,"Plural forms pull in directories and listicles — midrag, mylist.co.il, techtlv.co.il, oshrib.com, dailymagazine all rank on sibling comparison queries (Phase 2)","The plural signals shortlisting, and shortlist SERPs in Israel are owned by directories and listicles. Compete by getting LISTED (Midrag first — it ranks on the money SERP itself and is cited by Google's AI answer), not by writing a page to outrank them."
שופיפיי בעברית,he,Target,Comparison,Low,ecommerce,NEW: /services/ecommerce/shopify,,,"Trends: relative index 61, the #3 related query for 'שופיפיי' · Google autocomplete: exact self-suggestion, with sub-variants חנות שופיפיי בעברית and תבניות שופיפיי בעברית · GSC: 0 rows · absolute volume [unverified - needs Keyword Planner]",Trends,"shopifyisrael.co.il, danielzrihen.co.il, plus template/theme resources.","Genuinely relevant to a verified Aiterra strength — the Phase 1 audit found ~280 CSS logical properties against ~10 physical rules, i.e. RTL engineering is a real differentiator here, and Hebrew/RTL is the number one practical problem on Shopify in Israel. Scored Low anyway, honestly: the autocomplete block for this term is dominated by 'תבניות שופיפיי בעברית חינם' — free themes — which is DIY intent. The buying slice is real but is a minority of the term."
מערכת crm ישראלית,he,Target,Comparison,Low,automation,/blog/best-crm-small-business-israel,,,"Google autocomplete (he/IL): 'crm ישראלי', 'מערכת crm ישראלית' and 'מערכות crm ישראליות' all returned. Absolute volume [unverified - needs Keyword Planner]",SERP,tool vendors dominate the CRM-selection SERPs (9/9 on the closest phrasing I have evidence for),"Aiterra has the post already. Low because CRM-selection SERPs in Hebrew are vendor territory and basecrm.co.il is running the best-executed Hebrew guide programme I saw anywhere in this study. Maintain, do not invest."
מערכת crm לעסק קטן,he,Target,Comparison,Low,automation,/blog/best-crm-small-business-israel,,,Google autocomplete (he/IL): suggested. Absolute volume [unverified - needs Keyword Planner],SERP,9 of 9 tool vendors on the longer phrasing Phase 2 fetched; basecrm.co.il x4,"Same verdict. Included so the plan explicitly records that this obvious-looking term was assessed and deliberately deprioritised, rather than overlooked."
מחקר מילות מפתח,he,Target,Informational,High,seo-organic,/blog/keyword-research-guide,203,24.0,GSC: 203 impr/89d @ pos 24.0 — the single largest ranking cluster the site owns anywhere,GSC,[unverified - SERP not fetched this pass]. Autocomplete expansions: מחקר מילות מפתח חינם / גוגל / כלי מחקר מילות מפתח / איך עושים מחקר מילות מפתח,"Positions 19–24 across the whole cluster with ~590 impressions in 89 days and ZERO clicks — that is a title/snippet problem, not a ranking problem, and it is the fastest CTR experiment available on the site. Marked Informational and I am not overselling it: this audience is largely DIY (autocomplete's top expansion is 'חינם'). Its real value is as a bridgehead into Phase 2's GAP 2 (Hebrew keyword mechanics), where Aiterra would face zero international competition."
מחקר מילות חיפוש,he,Target,Informational,High,seo-organic,/blog/keyword-research-guide,112,23.5,GSC: 112 impr/89d @ pos 23.5,GSC,[unverified - SERP not fetched],"Second-largest row in the cluster, same page, same position band. Israelis use מילות חיפוש and מילות מפתח interchangeably — the post should carry both in H2s rather than picking one."
מיתוג דיגיטלי,he,Target,Informational,High,branding-local,/blog/digital-branding-guide,58,16.8,GSC: 58 impr/89d @ pos 16.8 (0 clicks),GSC,"13 interchangeable 'המדריך המלא' blog posts from small agencies, none carrying first-party data; established branding studios (fullpower, extra, mxi, brandwiz) hold the commercial half","Cheapest single position gain in the pillar: 539 words and 5 H2s currently rank 16.8 against undifferentiated competition. Value the click, not the lead. Hard ceiling though — full autocomplete expansion returns only 3 strings total, one of which is a course."
מחקר מילות מפתח בגוגל,he,Target,Informational,High,seo-organic,/blog/keyword-research-guide,40,23.2,GSC: 40 impr/89d @ pos 23.2,GSC,[unverified - SERP not fetched],"Consistent 23–24 band. Recorded to size the cluster honestly: five rows at positions 19–24 totalling ~430 impressions, zero clicks. Fix the title and snippet before writing anything new."
כרטיס עסק בגוגל,he,Target,Informational,High,seo-organic,/blog/google-business-profile-guide,36,21.5,"GSC: 36 impr/89d @ pos 21.5 (12-mo: 35 impr @ 21.3). SERP: aiterra.co.il › בלוג ranks on PAGE 1 today (fetched 2026-09-07, google.co.il, he-IL)",GSC,"Google's own properties dominate — business.google.com, accounts.google.com, support.google.com x2 — then edensharabi.co.il, adactive.co.il, and Aiterra. Plus a 4-question PAA block, a 3-video YouTube carousel, and an 'אנשים חיפשו גם' block of 8 terms","THE FINDING OF THIS PASS. This is the ONLY page-1 organic position Aiterra holds in the pillar and neither Phase 1 nor Phase 2 spotted it — Aiterra appears in exactly 1 of the 32 Hebrew SERPs I have on disk, and this is it, with its TL;DR pulled into the snippet. Marked Informational honestly (the searcher wants to open a profile, not hire an agency) but it is the top of the local-SEO funnel and the ONE asset in this pillar with proven traction. Protect it, add a Bat Yam/Holon local-SEO CTA, and answer the four PAA questions verbatim. Do not touch the URL."
כרטיס עסק בגוגל,he,Target,Informational,High,branding-local,/blog/google-business-profile-guide,36,21.5,GSC: 36 impr/89d @ pos 21.5 (0 clicks),GSC,[unverified - Google SERP is JS-gated and every fallback engine was blocked or broken this session],"THE BIGGEST MISS IN THE PHASE 2 PASS — it does not mention this cluster once. 53 impr/89d at pos 15-22 across 5 queries, the second-best-positioned non-branded cluster on the site, and GBP is the directory that actually decides local visibility. The existing 709-word post has 7 H2s but none that walks through opening a profile step by step, which is what the highest-volume variants ask for."
חקר מילות מפתח,he,Target,Informational,High,seo-organic,/blog/keyword-research-guide,21,19.5,GSC: 21 impr/89d @ pos 19.5 — best average position of any query in this pillar,GSC,[unverified - SERP not fetched],"The כתיב חסר variant (חקר, not מחקר) and it outranks the full spelling by 4.5 places. That is a live demonstration of Phase 2's GAP 2 thesis inside Aiterra's own data — Hebrew spelling variants split rankings, and nobody has written about it. Use this row as the case study in the GAP 2 post."
פתיחת כרטיס עסק בגוגל,he,Target,Informational,High,seo-organic,/blog/google-business-profile-guide,11,22.8,GSC: 11 impr/89d @ pos 22.8,GSC,Google support pages + Israeli marketer how-to posts and YouTube tutorials,"Same page, same position band, and the autocomplete for 'כרטיס עסק בגוגל' returns exactly three expansions — כרטיס עסק בגוגל / פתיחת כרטיס עסק בגוגל / ניהול כרטיס עסק בגוגל. Add ניהול as a section: it is the only one of the three Aiterra has no coverage for, and it is the one with service intent."
פתיחת כרטיס עסק בגוגל,he,Target,Informational,High,branding-local,/blog/google-business-profile-guide,11,22.8,GSC: 11 impr/89d @ pos 22.8 (0 clicks),GSC,[unverified - Google SERP JS-gated],Already at 22.8 with no dedicated section answering it. Adding one H2 that walks the opening flow end to end is close to free and addresses three of the five autocomplete variants at once.
עיצוב מותג דיגיטלי,he,Target,Informational,High,branding-local,/blog/digital-branding-guide,9,19.9,GSC: 9 impr/89d @ pos 19.9 (0 clicks),GSC,same 'המדריך המלא' wall as מיתוג דיגיטלי,Rides on the same post as מיתוג דיגיטלי at a similar position. One upgrade lifts both; no separate work.
כרטיס עסק,he,Target,Informational,High,seo-organic,/blog/google-business-profile-guide,3,15.0,GSC: 3 impr/89d @ pos 15.0 (12-mo query→page export),GSC,Google properties + Israeli how-to posts,Position 15.0 on the bare two-word form is the best average position in this cluster. Cheap to consolidate — it is the same page.
תיקון 13 לחוק הגנת הפרטיות אתר אינטרנט,he,Target,Informational,High,web-dev,NEW: /blog/privacy-amendment-13-website-forms,,,"Trends: relative index 68 / 52 / 30 in the three most recent weekly buckets (geo=IL) — the highest and the only RISING term of five pillar clusters compared, while אתר תדמית, תחזוקת אתר, הנגשת אתרים and בניית אתרים לעסקים sat at 0–13 in the same weeks",Trends,"pure explainer SERP — tabnav (an accessibility OVERLAY vendor ranking #1 on a privacy query), ziko, digita, web-a, osnatew, webshuk, designbyadida (Wix angle), asael.digital. Not one builder, not one artifact","The strongest single opportunity in the pillar. Autocomplete independently confirms the website scope: תיקון 13 אתר returns four website-scoped completions and the bare law returns תיקון 13 לחוק הגנת הפרטיות באתרים. Every ranking page explains what the law is; none ships the engineering artifact — the consent checkbox markup, where the consent record is stored, what a lead POST must log to be defensible, or how any of it survives a webhook forwarding leads to an external CRM. Aiterra's own site does exactly that CRM forward, so it can write the page nobody else can. Israeli statute is structurally closed to international and GDPR content. WARNING: one SERP snippet claims cumulative fines of 50 ₪ per user — that is a competitor's claim on a results page, not verified statute, and must be checked against the source text before republishing."
תיקון 13 אתרים,he,Target,Informational,High,web-dev,NEW: /blog/privacy-amendment-13-website-forms,,,[unverified - needs Keyword Planner] — Google autocomplete returns it as one of four completions for תיקון 13 אתר,unverified,same explainer SERP,Short-form variant of the same intent. One page serves all four autocomplete completions; do not split them.
האם דף נחיתה צריך נגישות,he,Target,Informational,High,paid-ads,https://www.aiterra.co.il/blog/website-accessibility-cost-5568,,,"[unverified - needs Keyword Planner] — live Google autocomplete suggestion (hl=iw&gl=il, 2026-09-07); the only האם-prefixed suggestion returned across all 81 question-word probes",unverified,"SERP: accessibility vendors and government — digitale x2, web-a, gov.il x2, isoc.org.il, martindale, web10, user-a, aisrael.org. No landing-page builder appears","Aiterra is the rare firm standing in both camps: it already publishes website-accessibility-cost-5568 (ת""י 5568) and website-accessibility-israel (the 50,000 ₪ exposure framing) AND it builds landing pages. Every ranking result is one or the other, never both. Fear-driven, converts well, and it is the same regulatory pattern that already works on this domain."
חשבונית גוגל אדס,he,Target,Informational,High,paid-ads,NEW: /blog/google-ads-invoice-vat-israel,,,"[unverified - needs Keyword Planner] — live Google autocomplete suggestion (hl=iw&gl=il, 2026-09-07), confirmed twice: both חשבונית גוגל אדס and גוגל אדס חשבוניות appear behind the גוגל אדס seed",unverified,"SERP: 5 Google-owned slots + converty, webuildit, orsoffer and 2 YouTube videos — every one of them explaining how to DOWNLOAD the PDF. Zero VAT content","The one Phase-2 gap that survived retesting intact. Demand is autocomplete-confirmed under two spellings, and every ranking page answers a trivial question while the real one — reverse charge / חיוב עצמי on a service imported from Google Ireland, עוסק פטור vs מורשה, and how it is booked in מורנינג / iCount / ריווחית — goes unanswered. The only agency page that touches tax dismisses it in one line ('על מע""מ אנחנו לא מזדכים פשוט מכיוון שזו עסקה בחו""ל'). Same shape as website-accessibility-cost-5568 and crm-israeli-invoicing-integration, both already on this domain. MUST be accountant-reviewed before publishing."
איך מפרסמים עסק בגוגל בחינם,he,Target,Informational,High,seo-organic,/blog/google-business-profile-guide,,,[unverified - needs Keyword Planner]. SERP: harvested from the 'אנשים שאלו גם על' (PAA) block on the כרטיס עסק בגוגל SERP I fetched,SERP,PAA — answered by Google's own support docs and Israeli marketer blogs,One of four PAA questions on a SERP Aiterra already ranks page 1 for. Answering PAA verbatim on a page already in the result set is the lowest-cost ranking work available in this entire pillar. The other three: איך מאמתים עסק בגוגל? / איך יוצרים חשבון עסקי בגוגל? / איך אני מוסיף עסק לגוגל מפות?
איך לפתוח כרטיס עסק בגוגל,he,Target,Informational,High,branding-local,/blog/google-business-profile-guide,,,"SERP: returned by Google autocomplete (suggest endpoint, hl=iw&gl=il) in a full 48-probe expansion. Volume [unverified - needs Keyword Planner]",SERP,[unverified - Google SERP JS-gated],"Question form of a cluster Aiterra already ranks 21-23 for, and the existing post has no step-by-step H2. An H2 phrased as the question is the single highest-leverage on-page edit in this pillar."
הקמת כרטיס עסק בגוגל,he,Target,Informational,High,branding-local,/blog/google-business-profile-guide,,,"SERP: returned by Google autocomplete (suggest endpoint, hl=iw&gl=il). Volume [unverified - needs Keyword Planner]",SERP,[unverified],"Third synonym for 'open a profile' (פתיחת / איך לפתוח / הקמת). All three are satisfied by the same new H2, so treat them as one job."
מחקר מילות מפתח בעברית,he,Target,Informational,Medium,seo-organic,NEW: /blog/hebrew-keyword-research,52,88.5,GSC: 52 impr/89d @ pos 88.5 (sibling 'כלי מחקר מילות מפתח בעברית' 2 impr @ 89.5),GSC,"Two brand-new posts on weak domains plus a language academy — s-pixel.co.il (28 Aug 2026, listing exactly this problem: 'כתיב מלא וחסר לאותה מילה', 'ערבוב עברית ואנגלית באותו ביטוי'), hebrew-academy.org.il, ai-click.co.il (20 Aug 2026), digitalsecrets (off-topic), Wikipedia","Phase 2 GAP 2, and the position gap is the tell: Aiterra sits at 24.0 for the generic term but 88.5 the moment 'בעברית' is added — Google does not think the existing post says anything about Hebrew specifically. This is the one topic in the pillar where zero international competition is STRUCTURALLY guaranteed (the problem does not exist in English), the incumbents are two posts from August 2026 on weak domains, and Aiterra already owns the adjacent term. Highest-conviction NEW page in this pillar."
עלות אחסון אתר לשנה,he,Target,Informational,Medium,web-dev,/blog/website-cost-israel-2026,8,32.2,GSC: 8 impr/12mo @ pos 32.2,GSC,[unverified - SERP not fetched],"Corroborated by autocomplete, which self-confirms כמה עולה דומיין ואחסון. This is a line item in the first-year total, not a destination — but it is a line item buyers actually search for, and every incumbent pricing guide omits it. NOTE: the wider תחזוקת אתר cluster (~1,400 impressions, pos 18–30) is deliberately NOT itemised in this table; it belongs to the maintenance pillar the owner has already decided to build, and double-counting it here would inflate this pillar's case."
מה זה חנות אינטרנטית,he,Target,Informational,Medium,ecommerce,/blog/business-site-vs-online-store,8,33.0,GSC: 8 impr/89d @ pos 33.0 — the BEST position the site holds anywhere in this pillar · Google autocomplete: exact self-suggestion,GSC,Definitional SERP — mixed vendor explainers and agency blog content; the one place in the pillar where a blog post is the correct page type.,"Informational, and I would normally push back on informational in a pool this small — but this is already the site's best-ranked query in the pillar and it costs nothing to defend, because the post survives anyway under Phase 2's cannibalisation call. Position 33 is within striking distance of page one, unlike every build-intent query the site holds (77-98). Re-anchor the post's title and H1 onto this definitional/comparison intent and stop optimising it for the bare head term."
seo בעידן הצ'אט,he,Target,Informational,Medium,seo-organic,/blog/geo-ai-search-optimization,4,43.0,GSC: 4 impr/89d @ pos 43.0 — the best position in the entire GEO/AI sub-cluster,GSC,[unverified - SERP not fetched for this phrasing],Position 43 while every other AI row sits at 78–100. Whatever the post already says about 'עידן הצ'אט' is the one thing Google likes about it. Worth expanding that framing rather than the GEO framing — evidence over instinct.
מילות מפתח לעידן הבינה המלאכותית,he,Target,Informational,Medium,seo-organic,/blog/keyword-research-guide,4,75.5,GSC: 4 impr/89d @ pos 75.5,GSC,[unverified - SERP not fetched],"The bridge row between Aiterra's strongest cluster (keyword research, pos 19–24) and its weakest (GEO, pos 78–100). Linking the keyword-research post to the GEO post through this phrasing borrows authority in the one direction that actually has some to lend."
סוגי חנויות אינטרנטיות,he,Target,Informational,Medium,ecommerce,/blog/business-site-vs-online-store,4,32.8,"GSC: 4 impr/89d @ pos 32.8 — the 2nd best position in the pillar · Google autocomplete: NOT self-suggested (below threshold), but GSC proves the query is real",GSC,Explainer/listicle SERP.,"Same logic as above and the same page. Two nearly-identical GSC rows exist (סוגי חנויות אינטרנטיות at 32.8 and סוגי חנויות אינטרנט at 47.5), so the plural/singular variants should both appear in the post's headings. Low commercial value on its own; justified only because the ranking already exists and the post is being kept regardless."
כרטיס עסקי בגוגל,he,Target,Informational,Medium,branding-local,/blog/google-business-profile-guide,2,52.0,GSC: 2 impr/89d @ pos 52.0 (0 clicks),GSC,[unverified - Google SERP JS-gated],A misspelling-adjacent variant (עסקי vs עסק) that Israelis genuinely type. The בגוגל qualifier keeps it clean of the credit-card meaning. One sentence in the post covers it.
קמפיינים בגוגל,he,Target,Informational,Medium,paid-ads,https://www.aiterra.co.il/blog/google-ads-campaigns,1,20.0,GSC: 1 impr/89d @ pos 20.0,GSC,,"Broad and vague — the searcher may want anything from how-to to who-to-hire. Take it as a by-product of the pillar upgrade, do not optimise for it."
כרטיס עסק גוגל,he,Target,Informational,Medium,branding-local,/blog/google-business-profile-guide,1,74.0,GSC: 1 impr/89d @ pos 74.0 (0 clicks),GSC,[unverified],Word-order variant of the head term. Free to pick up with a natural mention; no work of its own.
אתר תדמית לדוגמא,he,Target,Informational,Medium,web-dev,/projects,,,[unverified - needs Keyword Planner] — Google autocomplete top-10 for the bare seed (3rd),unverified,kfirmenashe.co.il ranks a portfolio/examples gallery on the adjacent term — the format is proven to rank,"Graded Informational, not Money, because example-hunting precedes buying by weeks — but it is the cheapest possible win since the asset already exists. HARD BLOCKER from CONTEXT.md: /projects renders 0 of 12 project links (useSearchParams inside Suspense fallback={null}) and all 12 projects are 'Discovered – never crawled'. There is nothing to rank until that renders server-side."
כמה זמן לוקח לבנות אתר,he,Target,Informational,Medium,web-dev,/services/brochure,,,[unverified - needs Keyword Planner] — Google autocomplete self-confirms and returns no expansions,unverified,[unverified - SERP not fetched],"A pre-purchase objection, not a research query — the person asking has decided to buy and is checking whether it fits their timeline. Costs one FAQ entry on a page that already exists. Note ymdigital already competes on exactly this axis with 'מוכן ב-14 יום' in its title."
תיקון 13 לחוק הגנת הפרטיות באתרים,he,Target,Informational,Medium,web-dev,NEW: /blog/privacy-amendment-13-website-forms,,,[unverified - needs Keyword Planner] — Google autocomplete returns it as the 10th and only site-scoped suggestion for the bare law,unverified,same explainer SERP,"Confirms that site owners, not lawyers, are a real slice of this query's audience — the other nine suggestions are נבו, pdf, מצגת, נוסח, דברי הסבר and מצלמות אבטחה, i.e. legal-text hunting that Aiterra should not chase. IMPORTANT NEGATIVE: תיקון 13 טופס returns NOTHING in autocomplete, so the contact-form framing Phase 2 recommended has no demand of its own — it must be a section inside a site-level page, never its own target."
תקן 5568,he,Target,Informational,Medium,web-dev,/blog/website-accessibility-cost-5568,,55.0,"GSC: the bare string '5568' has 1 impr/12mo @ pos 55.0; Google autocomplete returns five variants (תקן 5568 חלק 2, תקן ישראלי 5568, תקן נגישות 5568, תקן ישראלי 5568 חלק 1)",GSC,"the standard's own gov.il and isoc.org.il PDFs, plus overlay vendors","Five autocomplete variants against a single GSC impression means demand exists and Aiterra is invisible for it. Defensible by real engineering — the standard adopts WCAG 2.0 AA, which is a build-time property, not a widget. Same alt-text precondition as the row above."
תביעות נגישות אתרים,he,Target,Informational,Medium,web-dev,/blog/website-accessibility-israel,,,[unverified - needs Keyword Planner] — Google autocomplete self-confirms and returns it inside the top-10 for נגישות אתר,unverified,[unverified - SERP not fetched for this exact string; the adjacent accessibility SERPs are overlay vendors plus kolzchut/isoc],"Fear intent, which converts far better than its volume suggests — somebody searching for accessibility lawsuits owns a non-conformant site and wants it fixed this month. The existing post's title already names the 50,000 ₪ exposure. Graded Informational rather than Money only because the reader may buy an overlay instead of a rebuild; that is precisely the fork the page should argue."
קמפיין לידים בפייסבוק,he,Target,Informational,Medium,paid-ads,https://www.aiterra.co.il/blog/facebook-instagram-ads,,,"[unverified - needs Keyword Planner] — live Google autocomplete suggestion (hl=iw&gl=il, 2026-09-07)",unverified,"SERP: ten agency guides, ZERO Meta-owned slots — jordigital, etlprod x2, ckdigital360, ross, personasmedia, barzilayppc, hdigital, leos, alai","Unusually clean SERP — no platform inventory at all. But it is a pure how-to guide shape, so it attracts people who will run it themselves. Worth a section, not a campaign; its real value is as the on-ramp to the offline-conversions differentiator."
"מע""מ על חשבונית גוגל אדס",he,Target,Informational,Medium,paid-ads,NEW: /blog/google-ads-invoice-vat-israel,,,"[unverified - needs Keyword Planner] — NOT an autocomplete suggestion; both מעמ גוגל אדס and מע""מ גוגל אדס returned zero suggestions, i.e. below Google's threshold",unverified,"SERP: the general mechanism (חיוב עצמי מעמ שירותים מחול) is owned by eight CPA firms plus gov.il — tax.all-good, elmekiesse-tax, haimasher, barzily, bshcpa, taxellent, vat-calculator-il, taxavoidance. On the Google-specific phrasing the only tax result, zscpa.co.il, covers VAT on AdSense INCOME, the opposite direction","I am flagging the honest asymmetry: the intersection is genuinely empty, but the general VAT half belongs to accountants who will outrank an agency on tax authority, and the exact phrase is below the autocomplete threshold so volume is likely very small. Write it as one section of the invoice post rather than its own page, and let the חשבונית phrasing carry the traffic."
קידום אתרים טכני,he,Target,Informational,Medium,seo-organic,NEW: /blog/technical-seo-checklist-israel,,,"[unverified - needs Keyword Planner]. SERP: Google IL autocomplete confirms the exact phrase, AND the PAA question 'מהו קידום אתרים טכני?' appears on THREE separate fetched SERPs (מומחה קידום אתרים, חברות קידום אתרים מומלצות, שירותי קידום אתרים)",SERP,[unverified - I did not fetch this SERP directly; evidence is autocomplete + PAA recurrence],"Google itself is surfacing this question on three of the pillar's biggest commercial SERPs, which means it is a recognised sub-topic and a route INTO those SERPs via PAA. It is also the one sub-topic where Aiterra's actual competence (Next.js engineering, RTL, CWV, structured data) is the differentiator rather than a claim — the incumbents are marketers, not engineers. Note it must be paired with real measurement, or it becomes another definitional post like everyone else's."
seo טכני,he,Target,Informational,Medium,seo-organic,NEW: /blog/technical-seo-checklist-israel,,,[unverified - needs Keyword Planner]. SERP: Google IL autocomplete returns the exact phrase for the seed 'seo טכני',SERP,[unverified - SERP not fetched],HE/EN code-mixed variant of the same concept — Israelis type both קידום אתרים טכני and seo טכני and Google autocompletes both. One page can hold both if the H2s use both forms. Recorded to make the code-mixing explicit for the writer.
תוסף נגישות פוגע בקידום בגוגל,he,Target,Informational,Medium,seo-organic,NEW: /blog/accessibility-widget-seo-impact,,,"[unverified - needs Keyword Planner]. SERP: every ranking page is an accessibility VENDOR answering a question about its own product — web-a.co.il (asserts 'הנגשה בקוד מעניקה דחיפה משמעותית לקידום'), s-pixel.co.il (28 Aug 2026), scotty.co.il, masamedia.co.il, plus a WEB-A YouTube video showing 'מעל 80 צפיות'",SERP,Accessibility overlay vendors marking their own homework — not one page publishes a measured LCP/INP/TBT number,"Phase 2 GAP 1. Israeli law (ת''י 5568) forces every commercial site to carry one of these widgets, so every Israeli site owner has this exact problem, and the only people answering are the widget vendors. Aiterra ships Sienna on its own site, has already audited it (17/20 features working, three dead ones CSS-hidden) and holds real PSI/Lighthouse data — first-party measurement nobody else has, and structurally impossible for an international SEO site to produce. Rated Medium not High only because the demand size is completely unverified."
האם נגישות באמת משפיעה על הדירוג בגוגל,he,Target,Informational,Medium,seo-organic,NEW: /blog/accessibility-widget-seo-impact,,,[unverified - needs Keyword Planner]. SERP: PAA question on the תוסף נגישות SERP I fetched,SERP,PAA — currently answered only by overlay vendors,"Google is explicitly asking the question the vendors refuse to answer with numbers. Answer it as an H2 with a measurement table (EqualWeb / Nagish / Vee / Sienna, LCP / INP / TBT before and after) and the PAA slot is winnable even without the main SERP."
מספר הקצאה מאיזה סכום,he,Target,Informational,Medium,automation,NEW: /blog/allocation-number-api-integration,,,"Google autocomplete (he/IL): 4 variants returned — 'מאיזה סכום', 'מעל 5000', 'מעל איזה סכום', 'מאיזה סכום צריך'. Absolute volume [unverified - needs Keyword Planner]",SERP,vendors + accounting firms; greeninvoice took 8 of 8 on the brand-qualified version I fetched,"Build this as an FAQ block with schema, not a page — it is the highest-frequency question in the cluster but the answer is a number, so it wins AI-answer citations rather than clicks. WARNING: the ₪10,000 pre-VAT threshold I saw is greeninvoice.co.il's own SERP snippet. I did not verify it against רשות המסים and it must be checked before publishing."
הוספת עסק בגוגל מפות,he,Target,Informational,Medium,branding-local,/blog/google-business-profile-guide,,,SERP: returned by Google autocomplete for seed 'עסק בגוגל מפות' (hl=iw&gl=il). Volume [unverified - needs Keyword Planner],SERP,[unverified],"The Maps-framed phrasing of the same task. Israelis say 'גוגל מפות' as often as 'כרטיס עסק', so the post should use both phrasings; currently it uses only one."
אילו תהליכים בעסק שלי אפשר להפוך לאוטומטיים,he,Target,Informational,Low,automation,/blog/business-automation-12-processes,31,95.4,"GSC: 31 impr/89d @ pos 95.4, landing /blog/business-automation-crm-whatsapp. Absolute volume [unverified - needs Keyword Planner]",GSC,"not fetched; question-shaped, so likely a People-Also-Ask / AI-answer surface rather than a classic ten-blue-links SERP","31 impressions on a full natural-language question is a strong AEO signal — this is the shape assistants quote. Answer it verbatim as an FAQPage entry with a short direct answer. Low as a click target, meaningful as a citation target, and it costs one FAQ block."
אבטחת אתר,he,Target,Informational,Low,maintenance,/blog/website-security-guide,23,92.3,GSC: 23 impr/89d @ pos 92.3,GSC,"Not fetched this session — Brave 429, firecrawl 402, Bing poisoned. [unverified]","Security is a core retainer line item and this post already exists (723 words, HTTP 200). But position 92.3 means Google does not currently consider the domain relevant here, so this is a link-target and topical-completeness asset rather than an acquisition target. Low, and it should not compete for budget with Tiers 1-2."
מיתוג ושיווק דיגיטלי,he,Target,Informational,Low,branding-local,/blog/digital-branding-guide,4,83.8,GSC: 4 impr/89d @ pos 83.8 (0 clicks),GSC,small agencies bundling branding and marketing,Picks up on the existing post's breadth. Not worth a dedicated section; it will move or not move with the post upgrade.
כרטיס עסק,he,Target,Informational,Low,branding-local,/blog/google-business-profile-guide,3,15.0,GSC: 3 impr/89d @ pos 15.0 (0 clicks),GSC,heavily split — SERP: autocomplete for this bare string returns כרטיס עסקי כאל / ישראכרט / מקס (business CREDIT CARDS) and כרטיס עסק דיגיטלי (NFC business cards),"Aiterra ranks 15.0 here, which looks great until you see what the query means. Google's own autocomplete shows the bare string is dominated by business credit cards and NFC contact cards — two different products. Never optimise for this string; always carry the בגוגל qualifier. Kept in the table only so nobody chases the flattering position."
מיתוג באינטרנט,he,Target,Informational,Low,branding-local,/blog/digital-branding-guide,3,88.7,GSC: 3 impr/89d @ pos 88.7 (0 clicks),GSC,'המדריך המלא' posts,"Tail variant, no separate action."
בניית פרופיל חברה,he,Target,Informational,Low,branding-local,/blog/google-business-profile-guide,3,89.3,"GSC: 3 impr/12mo @ pos 89.3 (0 clicks, query-page export)",GSC,[unverified],"Ambiguous phrasing that Google already maps to the GBP guide. Worth a passing mention in that post, nothing more."
5568,he,Target,Informational,Low,maintenance,/blog/website-accessibility-cost-5568,1,55.0,GSC: 1 impr/89d @ pos 55.0,GSC,"Dedicated accessibility vendors — vee.co.il (markets conformance at ₪500/year), accessible.org.il, tabnav.com, digitale.co.il, plus the ISOC standard PDF. All sell a widget or a one-off audit; none sells maintenance","Phase 2 listed ת""י 5568-as-maintenance as an unwritten moat page. It is already written and already ranking. The remaining work is to reframe it as an ONGOING maintenance line item and link it into the service page. HARD BLOCKER first: CONTEXT.md records 92.4% of Aiterra's own images ship alt="""" while /accessibility-statement claims otherwise — publishing harder on accessibility before fixing that is a legal liability, not a marketing asset."
מיתוג עסקים באינטרנט,he,Target,Informational,Low,branding-local,/blog/digital-branding-guide,1,84.0,GSC: 1 impr/89d @ pos 84.0 (0 clicks),GSC,'המדריך המלא' posts,Tail of the branding cluster. Listed for completeness of the GSC pull; no action.
נגישות אתרים חוק,he,Target,Informational,Low,web-dev,/blog/website-accessibility-israel,,,"[unverified - needs Keyword Planner] — Google autocomplete returns it 3rd for נגישות אתר; Trends returns an EMPTY related-query list for הנגשת אתרים, i.e. the cluster is below Trends' reporting threshold",Trends,non-commercial authority portals — kolzchut.org.il and isoc.org.il — alongside overlay vendors,"Downgraded to Low on evidence, against the Phase-2 optimism. Kol Zchut and the Israel Internet Association are not outrankable by an agency on a 'what does the law say' query and should not be attempted. Aiterra's angle in accessibility is cost and build-time conformance, not statute exposition."
הצהרת נגישות לאתר,he,Target,Informational,Low,web-dev,/accessibility-statement,,,"[unverified - needs Keyword Planner] — Google autocomplete returns 10 suggestions, the largest accessibility family I found",unverified,"a-2-z, kolzchut.org.il, user-a, tabnav, isoc.org.il, vee, mangishim — two non-commercial authority portals plus overlay vendors","Big autocomplete family, poor intent. The modifiers Google suggests are לדוגמא, חינם and לאתר wix — people hunting a free template, not hiring a builder. Combined with two unbeatable authority portals on the SERP, this is a Low. Worth exactly one thing: making Aiterra's own /accessibility-statement genuinely exemplary, which is required anyway before any accessibility content ships."
המרות אופליין גוגל אדס,he,Target,Informational,Low,paid-ads,NEW: /blog/offline-conversions-israeli-crm,,,[unverified - needs Keyword Planner] — the seed המרות אופליין returned zero autocomplete suggestions,unverified,SERP: 3 Google-owned + ppc-israel.co.il #4 ('שילוב CRM וגוגל אדס למדידת המרות אופליין | המדריך המלא') + insights.sfb.co.il #5 ('המדריך המלא 2026') + intouch.co.il #2 (B2B angle) + droralon x2 + boostit glossary,"DOWNGRADED from Phase 2, which called this 'uniquely Aiterra's' and said not one result was a practical guide. That was an artefact of testing with a 9-word query that returned Fireberry login pages. The natural phrasing shows two Israeli agencies have already published exactly this guide. The residual gap is narrower — named Israeli CRMs (Fireberry, Powerlink, מורנינג) with real field mappings — and the seed has no autocomplete presence at all. Write it as a differentiator and an AI-citation surface, not as a traffic play."
תיקון 13 פרסום ממומן,he,Target,Informational,Low,paid-ads,https://www.aiterra.co.il/blog/ga4-pixel-conversion-tracking-guide,,,"[unverified - needs Keyword Planner] — the תיקון 13 seed returns 17 autocomplete suggestions, NONE of which relate to advertising, pixels or marketing",unverified,"SERP: seven marketing agencies already covering it — activelead.co.il #1 ('תיקון 13 והשיווק 2026: טפסים, רשימות דיוור ומערכות פרסום'), razi.co.il #2, simple-web, mindfulwebnerd, shahardigital, rightwave, segevdigital — plus 2 gov.il","DOWNGRADED from Phase 2's 'strongest'. Its framing was that lawyers know the statute and agencies run the pixels and the two never meet; that is no longer true — seven agencies rank on the marketing angle. What survives is narrow: no title names ad pixels, remarketing audiences or Customer Match uploads specifically. Fold it into the existing GA4/pixel post as a compliance section rather than a new page, and get it legally reviewed. Do not publish compliance claims unreviewed."
הסכם תחזוקת אתר,he,Target,Informational,Low,maintenance,NEW: /blog/website-maintenance-agreement-sla,,,[unverified - needs Keyword Planner],unverified,"Hosting and enterprise IT vendors — ISOC, JetServer, servers24, MessageNet, thejunction — AND wemanage.co.il/sla/ ranking first (WebSearch 2026-09-07)","HYPOTHESIS, not demand. Google autocomplete returns ZERO suggestions at this prefix and there is no GSC row. Also a correction to Phase 2, which claimed this SERP contains 'not one web agency': wemanage is a web agency, it owns an SLA page, and it ranks first. Highest-intent informational shape in the cluster (a buyer reads it while holding someone else's quote) but write it for the sales conversation and for the service page's SLA section, not as a search bet."
מספר הקצאה לחשבונית,he,Target,Informational,Low,automation,NEW: /blog/allocation-number-api-integration,,,"Trends: relative index 100 — the top related query to 'מספר הקצאה' (IL, he), hasData:true, flagged עלייה חדה. This is a RELATIVE index, not a volume. Absolute volume [unverified - needs Keyword Planner]",Trends,"invoice4u + grow.business (vendors), hgj.co.il + hanhach.co.il (accounting/bookkeeping), apoint.co.il (agency)","The single highest-interest string anywhere in this pillar, and I still score it Low: the intent is 'how do I obtain one', which accountants and vendors answer natively and Aiterra cannot out-authority. Worth one section as top-of-funnel feeding the API sections that are actually winnable — not worth its own page."
חשבוניות ישראל מספר הקצאה,he,Target,Informational,Low,automation,NEW: /blog/allocation-number-api-integration,,,"Trends: relative index 70 as a related query to 'חשבוניות ישראל' and 14 to 'מספר הקצאה' (IL, he), hasData:true, עלייה חדה. Also Google autocomplete (he/IL): suggested. Absolute volume [unverified - needs Keyword Planner]",Trends,government + vendor + accounting firms,"Same page, same reasoning as above. Included because it is one of only three strings in this pillar that Trends can measure at all, which is itself the finding."
חשבונית ירוקה מורנינג,he,Target,Informational,Low,automation,/blog/crm-israeli-invoicing-integration,,,Google autocomplete (he/IL): suggestion #2 for seed 'חשבונית ירוקה'; also 'חשבונית ירוקה morning' and 'חשבונית ירוקה מורנינג כניסה'. Trends: 'חשבונית ירוקה' recent weeks 53–78 on a shared axis where 'אוטומציה לעסקים' is 0. Absolute volume [unverified - needs Keyword Planner],SERP,"vendor-owned — this is greeninvoice's own rename, and its login/support tail is pure navigation","I am scoring the ranking Low on purpose: this is a vocabulary fix, not a ranking target. Green Invoice renamed itself Morning; Israeli owners type the Hebrew; the string מורנינג appears 0 times across all 40 posts and 0 times in the served HTML of /services/development. Adding the word to a page already at 9.5 is the cheapest verified action in the pillar."
בחירת צבעי מותג,he,Target,Informational,Low,branding-local,/services/branding,,,SERP: one of only TWO strings Google autocomplete returns for seed 'צבעי מותג' (hl=iw&gl=il); 'ניגודיות צבעים נגישות' returns ZERO. Volume [unverified - needs Keyword Planner],SERP,"split between accessibility vendors (who never discuss palettes) and branding blogs (which never mention ת""י 5568) — genuinely unoccupied at the intersection","This is Phase 2's GAP 2 scored against demand data, and the data is thinner than Phase 2 assumed: two autocomplete strings total, and the accessibility-contrast phrasing returns none. The palette-in-scope / logo-exempt distinction under ת""י 5568 is real and unoccupied, so it is excellent differentiation and AI-answer material — but it should live as a section on /services/branding, not as a new post scored for traffic."
רישום סימן מסחר עלות,he,Target,Informational,Low,branding-local,/blog/digital-branding-guide,,,"SERP: returned by Google autocomplete for seed 'רישום סימן מסחר' (hl=iw&gl=il), which yields 10 strings incl. אגרה, מקוון, בינלאומי, משרד המשפטים; but 'סימן מסחר לוגו' returns ZERO. Volume [unverified - needs Keyword Planner]",SERP,"100% IP law firms and gov.il — dwo, anc-law, tglaw, mako legal, innovationisrael; not one design or branding provider","Phase 2's GAP 1, scored honestly and downgraded. The cluster IS healthy, but every autocomplete variant is procedural-legal (fee, filing, register search) — the searcher wants רשות הפטנטים or a lawyer, and the design-side framing Phase 2 proposed ('what to check before you pay a designer') returns zero autocomplete suggestions. Worth a short section inside the branding post as trust-building; not worth a standalone page and not an acquisition asset."
בניית אתרים,he,EXCLUDED,Skip,None,web-dev,,,,,,,"LOST at the head and majority-Skip intent besides. GSC: the bare term appears NOWHERE in either export — the site has never once been shown for it in 12 months. Trends related queries (geo=IL) rank בניית אתרים בחינם 100, בניית אתר 62, בניית אתרים חינם 27, קורס בניית אתרים 25 and בניית אתרים לילדים 15 ABOVE the commercial modifier לעסקים at 14, and study.co.il (an education portal) holds ~1. Autocomplete agrees: the top-10 for בניית אתרים ב is בחינם, בחינם wix, בחינם גוגל, בai, בחינם ai. Four of the five biggest related queries are free/DIY/course/kids."
בניית אתרים לעסקים,he,EXCLUDED,Skip,None,web-dev,,,,,,,"LOST. Owned by danielzrihen (~1, 'החל מ-8000 ש""ח') and hyp.co.il (~2, a payment processor's platform listicle), then 2link, lana, clicky, bizonmap, yosseftiran. GSC puts Aiterra's retired /services/web-development at position 63–95 across this entire family with 0 clicks in 12 months. 75→10 is not a twelve-month move for a site with 32 clicks in 89 days."
חברה לבניית אתרים,he,EXCLUDED,Skip,None,web-dev,,,,,,,"LOST. Seven agency HOMEPAGES, zero soft targets: ekd ('over 25 years') ~1, topeak ~2, koranga (20 yrs) ~3, ymdigital, winweb (15+ yrs), webshuk, eshkol.media (since 2005). A domain ranking its homepage on a term is what owning a term looks like."
שירותי בניית אתרים,he,EXCLUDED,Skip,None,web-dev,,,,,,,"LOST despite being Aiterra's single largest web-dev footprint. GSC: 49 impr/12mo @ pos 73.7, 0 clicks. SERP has zapgroup.co.il (Zap media group aggregator) at ~3 alongside leos, topeak, lana, extra and clicky. Twelve months of impressions at position 74 with no click is the definition of a term that is being shown but not competed for."
בניית אתרים בחינם / בניית אתרים חינם / בניית אתר אינטרנט לעסק בחינם / בניית אתרים לעסקים בחינם,he,EXCLUDED,Skip,None,web-dev,,,,,,,"Skip — DIY audience that will never buy. Trends puts בניית אתרים בחינם at relative index 100 and בניית אתרים חינם at 27, making free the single largest intent in the entire pillar. Autocomplete returns בחינם variants from four separate seeds. This is where the pillar's volume lives and it is worth nothing."
קורס בניית אתרים / לימוד בניית אתרים / מדריך בניית אתרים / בניית אתרים לימודים / קורס בניית אתרים מחיר,he,EXCLUDED,Skip,None,web-dev,,,,,,,"Skip — students. Trends: קורס בניית אתרים relative 25, לימוד 7, מדריך 7. study.co.il ranks ~1 on the head term with 'קורס בניית אתרים, מה ואיפה לומדים?'. Note קורס בניית אתרים מחיר appears even inside the autocomplete for בניית אתרים מחיר — course intent contaminates the price cluster too."
בניית אתרים לילדים,he,EXCLUDED,Skip,None,web-dev,,,,,,,"Skip — wrong audience entirely. Trends relative index 15, i.e. larger than the commercial modifier לעסקים at 14."
בניית אתרים בai / בניית אתרים בחינם ai / בונה אתרים ai,he,EXCLUDED,Skip,None,web-dev,,,,,,,"Skip — DIY AI site builders. Three separate autocomplete suggestions in the בניית אתרים ב and בונה אתרים families. These people are evaluating a tool, not hiring an agency, and content aimed at them attracts an audience that structurally cannot convert."
בונה אתרים שכר,he,EXCLUDED,Skip,None,web-dev,,,,,,,Skip — job seekers researching salaries. Appears in the top-10 autocomplete for בונה אתרים.
בונה אתרים / מתכנת אתרים / מתכנת אתרים מקצועי / מעצבת אתרים,he,EXCLUDED,Skip,None,web-dev,,,,,,,"Skip on intent ambiguity. GSC does show these (מתכנת אתרים 3 impr @ pos 78, מעצבת אתרים 5 impr @ pos 82), but the בונה אתרים autocomplete family is dominated by ai, בחינם, שכר and פרילנסר — a mix of DIY, job-seeking and freelance-hiring that no single page can serve. The commercial slice of this intent is already covered by חברת בניית אתרים מומלצת, which is in the table."
בניית אתרים לבד,he,EXCLUDED,Skip,None,web-dev,,,,,,,Skip — explicit DIY ('build it myself'). Top-10 autocomplete for בניית אתרים ל.
בניית אתרים בוויקס / בניית אתרים wix / כמה עולה לבנות אתר בוויקס / כמה עולה לבנות אתר בשופיפיי,he,EXCLUDED,Skip,None,web-dev,,,,,,,"Skip — platform shoppers who have already chosen a DIY platform. Trends: בניית אתרים wix 10, wix 10. Autocomplete returns בוויקס and בשופיפיי inside the cost family. Aiterra cannot sell to someone whose question presupposes the answer."
אתר תדמית בוורדפרס / בניית אתר תדמית בוורדפרס / בניית אתרים בוורדפרס,he,EXCLUDED,Skip,None,web-dev,,,,,,,"Skip — the WordPress trap. Real autocomplete demand (אתר תדמית בוורדפרס is 9th in the bare seed's top-10), but targeting it buys WordPress shoppers and invites Google to classify Aiterra as a WordPress shop. Phase 2 documented the same trap on בקוד; this is its front door."
בניית אתר בקוד / בניית אתרים בקוד פתוח,he,EXCLUDED,Skip,None,web-dev,,,,,,,"Skip, confirming Phase 2. In Hebrew commercial search 'בקוד' is already occupied and resolves to open source, which on that SERP resolves to WordPress — dezion.co.il literally routes the concept to /שירותים/בניית-אתרי-וורדפרס/. Targeting Aiterra's own positioning phrase would buy the exact opposite audience."
בניית אתרים בהתאמה אישית,he,EXCLUDED,Skip,None,web-dev,,,,,,,"NEW exclusion, and it extends the בקוד kill. The obvious Hebrew replacement for 'custom-coded' turns out to be colonised the same way. The #1 result's own title reads 'בניית אתרים בהתאמה אישית | בניית אתרים בוורדפרס' (brn.co.il), and ~2 and ~3 are topeak and 2link — the same domains that own בניית אתרים, חברה לבניית אתרים and בניית אתרים לעסקים. This is not a soft flank; it is the head incumbents' secondary page carrying a WordPress connotation. Strategic consequence: Hebrew commercial search has NO uncolonised word for custom-coded. Compete on outcome words (speed, native 5568 conformance, תיקון 13-defensible forms, first-year total cost), never on construction-method words."
אתר תדמית באנגלית / אתר תדמית תרגום / אתר תדמיתי תרגום לאנגלית / אתר תדמיתי באנגלית,he,EXCLUDED,Skip,None,web-dev,,,,,,,"Skip — translation lookup, and a NEW finding neither GSC nor the SERP pass could see. THREE of the ten autocomplete suggestions for the bare seed אתר תדמית are people looking up the English for 'אתר תדמית'. Students, translators and marketers writing English copy. Zero buying intent. This is why the bare term is a worse target than it looks and only the מחיר / לעסק / בניית variants are worth a page."
מעבר מוויקס לאתר בקוד / העברת אתר מוויקס לוורדפרס,he,EXCLUDED,Skip,None,web-dev,,,,,,,"Skip. Autocomplete confirms Phase 2 for a third time: מעבר מוויקס returns NOTHING, and העברת אתר מוויקס returns exactly one completion, ...לוורדפרס. The migration frame exists and is well served; the destination 'code' is not a Hebrew search concept, and the destination that IS searched is one Aiterra does not sell."
בניית אתר ב-Next.js / React / בניית אתרים next js,he,EXCLUDED,Skip,None,web-dev,,,,,,,"Skip — developer education, not buyers. The Hebrew Next.js/React SERP is courses and tutorials (tocode, codingwithsaar ×2, codepro, internet-israel) with only two vendors. Autocomplete returns NOTHING for בניית אתרים next js, so there is no buyer demand to capture even if the SERP were friendlier."
בניית אתרים בתל אביב / בניית אתרים בתל אביב חברה,he,EXCLUDED,Skip,None,web-dev,,,,,,,"Excluded on winnability, not intent. ekd.co.il (25-year domain) holds ~1, with t.co.il's '10 החברות המומלצות' listicle at ~2 and b144 ×2 below it. Autocomplete returns nothing for the full string. Tel Aviv is not where a Bat Yam business has a local advantage, and competing there means competing with the head-term incumbents on their own ground."
מסמך אפיון אתר לדוגמא / שאלון אפיון אתר / אפיון אתר pdf / אפיון אתרים,he,EXCLUDED,Skip,None,web-dev,,,,,,,"Skip — template hunting. אפיון אתר returns nine autocomplete suggestions, which looked promising, but the modifiers are לדוגמא, pdf, מסמך and שאלון: people want a free document, not a supplier. Worth noting as a possible LEAD MAGNET (a real specification questionnaire behind an email gate), which is a conversion asset rather than a ranking target — do not build a page to rank for it."
הצהרת נגישות לאתר חינם / הצהרת נגישות לדוגמא / הצהרת נגישות לאתר wix,he,EXCLUDED,Skip,None,web-dev,,,,,,,"Skip — free-template hunters inside an otherwise interesting cluster. Three of the ten autocomplete suggestions for הצהרת נגישות carry חינם, לדוגמא or wix. The parent term is kept in the table at Low; these modifiers are not."
"תחזוקת אתר / תחזוקת אתר אינטרנט מחיר / אחזקת אתר / עלות תחזוקת אתרים and the rest of the ~1,400-impression maintenance cluster",he,EXCLUDED,Skip,None,web-dev,,,,,,,"Excluded from THIS pillar to avoid double-counting, not on merit — it is the strongest verified cluster the site has (GSC pos 18–30 on ~1,400 impressions) and the owner has already decided to build it as its own service. Only the three first-year-total-cost bridge rows (כמה עולה להחזיק אתר, כמה עולה להחזיק אתר אינטרנט, עלות אחסון אתר לשנה) are carried here, because that is the content path connecting the cluster we cannot reach to the one we already hold."
קידום אתרים בבת ים / קידום אתרים במרכז / קידום אתרים ברמת גן / קידום אתרים בהרצליה and ~30 other קידום אתרים city and vertical rows,he,EXCLUDED,Skip,None,web-dev,,,,,,,"Wrong pillar — these belong to SEO, not web development. Listed here only so the next agent knows they were seen and deliberately passed over. GSC holds a large footprint (קידום אתרים במרכז 75 impr @ pos 96.6, ברמת גן 53 @ 92.1, בהרצליה 51 @ 90.6) and it is all at position 90+."
מערכת אוטומציה / מערכות אוטומציה תעשייתיות / מערכת אוטומציה לתעשייה / תוכנת אוטומציה תעשייתית,he,EXCLUDED,Skip,None,web-dev,,,,,,,"Skip — wrong audience entirely, exactly as the brief warns. These are industrial/factory automation queries (~200 impressions in GSC at position 62–98) that Aiterra's business-process automation page happens to surface for. Industrial plant engineers do not buy brochure sites."
חנות אינטרנטית / חנות אינטרנטית לעסק / סוגי חנויות אינטרנטיות / אתר מכירתי,he,EXCLUDED,Skip,None,web-dev,,,,,,,"Wrong pillar — ecommerce. ~300 impressions in GSC, and CONTEXT.md already flags the one real cannibalisation in the site (business-site-vs-online-store vs ecommerce-store-that-sells on חנות אינטרנטית, 194 impressions). Resolving that collision is an ecommerce-pillar decision."
"מילות מפתח בגוגל,https://weblinks.co.il/... and any row containing 'ביטויים ללא נפחי חיפוש'",he,EXCLUDED,Skip,None,web-dev,,,,,,,"Bot noise per CONTEXT.md — a competitor's rank-tracker output (keyword,url,,rank) pasted into Google. ~130 impressions across the property."
"""צריך אתר תדמית"" -site:reddit.com -site:twitter.com -site:x.com ... and ""מכירים בונה אתרים"" / ""בונה אתרים לעסק קטן"" with the same -site: blocklist",he,EXCLUDED,Skip,None,web-dev,,,,,,,"NEW bot noise, beyond the two families CONTEXT.md names. A social-listening scraper: quoted phrase plus a fixed -site: blocklist of reddit/twitter/x/wykop/tripadvisor/youtube/yelp/booking/facebook/instagram/tiktok. Three rows, 3 impressions, all showing flattering positions 1.0–3.0 that will inflate any 'we rank top-5 for N queries' count. Recommend adding '-site:' to the CONTEXT.md bot-noise filter."
"make web search for the following query: ""כמה עולה שירות תחזוקת אתרים וניהול שרתים בחודש?"" and the same prefix on ""מה כוללת תחזוקת אתר שוטפת ולמה היא חשובה?""",he,EXCLUDED,Skip,None,web-dev,,,,,,,"NEW bot noise — an LLM agent's prompt prefix leaking into the query string. Two rows, 7 impressions, positions 3.5–3.6. Recommend adding 'make web search for' to the CONTEXT.md bot-noise filter alongside the -site: pattern."
ניהול קמפיינים דרושים · ניהול קמפיינים שכר · ניהול קמפיינים קורס · לימודי ניהול קמפיינים · משרות ניהול קמפיינים · מנהל קמפיינים שכר · מנהל קמפיינים ppc שכר · מנהל קמפיינים דרושים · מנהל קמפיינים ג'וניור · מנהל קמפיינים ללא ניסיון · קורס גוגל אדס · קורס גוגל אדס חינם · קורס ניהול קמפיינים ppc · קורס פרסום ממומן · קורס קמפיין ממומן · לימוד פרסום ממומן,he,EXCLUDED,Skip,None,paid-ads,,,,,,,"Job seekers and students. This is not a footnote in Hebrew — NINE of the 23 autocomplete suggestions behind ניהול קמפיינים are jobs-or-courses, and every one of the ten suggestions behind מנהל קמפיינים is. Anyone planning around ניהול קמפיינים volume without stripping these will overstate the commercial pool by a wide margin. None appear in GSC."
פרסום בגוגל חינם · פרסום בגוגל בחינם · פרסום עסק בגוגל חינם · פרסום מודעה בגוגל חינם · פרסום בפייסבוק בחינם · דף נחיתה בחינם · בניית דף נחיתה בחינם · דף נחיתה לעסק בחינם · יצירת דף נחיתה בחינם · שובר פרסום בגוגל · גוגל אדס שובר · קופון גוגל אדס,he,EXCLUDED,Skip,None,paid-ads,,,,,,,Explicitly seeking free. Zero budget means zero client. Worth quantifying because it is the largest single contaminant of the best cluster in this pillar: דף נחיתה בחינם is the #1 Trends related query for the whole דף נחיתה family at relative index 100. Any raw volume for דף נחיתה is substantially DIY.
גוגל אדס כניסה · גוגל אדס כניסה לחשבון · גוגל אדס טלפון · גוגל אדס שירות לקוחות · גוגל אדס שירות לקוחות טלפון · גוגל אדס תמיכה · גוגל אדס עזרה · גוגל אדס צור קשר · גוגל אדס פתיחת חשבון · איך לפתוח חשבון גוגל אדס · גוגל אדס אדיטור,he,EXCLUDED,Skip,None,paid-ads,,,,,,,"Existing advertisers looking for Google's own support, not for an agency. Structurally unwinnable: support.google.com ranked #1-#3 on four of the SERPs I fetched, and business.google.com/il took slots on four more. Google owns its own product documentation and always will."
איך עושים קמפיין ממומן בגוגל / בפייסבוק / באינסטגרם / בטיקטוק · איך להריץ קמפיין ממומן בפייסבוק · איך עושים פרסום ממומן לבד · איך מעלים קמפיין בפייסבוק · איך בונים דף נחיתה בקנבה · יצירת דף נחיתה wix / בקנבה / ai · דף נחיתה קנבה · דף נחיתה עם ai,he,EXCLUDED,Skip,None,paid-ads,,,,,,,"DIY audience. The phrase לבד ('by myself') appears verbatim in Google's own suggestions. Someone learning to run it themselves is not hiring an agency, and the tool-named variants (Canva, Wix, AI builders) are shopping for software, not services."
פיקסל · כמה עולה פיקסל · מתי פיקסל · מה ההבדל בין פיקסל · איך מכבים פיקסל 9,he,EXCLUDED,Skip,None,paid-ads,,,,,,,"Hebrew homograph trap, verified rather than assumed. Alphabet-expanding פיקסל returns roughly 90% Google Pixel PHONE queries (פיקסל 8/9/10/11, פרו, מתי מגיע לישראל, מתי יוצא) plus Pixelmon the game and camera megapixels. Only פיקסל פייסבוק and מה זה פיקסל בשיווק disambiguate. Targeting bare פיקסל would put an agency page in a consumer-electronics SERP."
עלות לליד · עלות לליד ממוצעת בישראל,he,EXCLUDED,Skip,None,paid-ads,,,,,,,"Second homograph trap, confirmed on the SERP: eight of ten results for עלות לליד ממוצעת בישראל are about כמה עולה לגדל ילד בישראל — the cost of raising a CHILD (shakoof, says, 2help, fnx, ynet, taxo). ליד and ילד collide. Only uplinedigital and start-point are on-topic, and both already publish the by-vertical benchmark table."
ROAS · roas מה זה · roas calculator · roas vs roi,he,EXCLUDED,Skip,None,paid-ads,,,,,,,"The bare Latin seed returns roasters coffee shops in באר שבע, ירושלים and מודיעין plus roast beef — Israelis type it in Latin and it collides with an unrelated English word. The genuinely on-topic variants that survive (roas מה זה, roas calculator) are definitional and informational, aimed at practitioners rather than buyers."
"גוגל אדסנס · מע""מ הכנסות גוגל",he,EXCLUDED,Skip,None,paid-ads,,,,,,,"Opposite customer. AdSense is publishers EARNING from ads, not businesses spending on them. The confusion is live on the SERP: zscpa.co.il ranks on the Google-Ads VAT query with a page about VAT on AdSense income, which is the reverse transaction. Writing for it would attract people with nothing to buy."
קמפיין פרפורמנס מקס · Performance Max · מה זה קמפיין pmax,he,EXCLUDED,Skip,None,paid-ads,,,,,,,"Fully saturated: all ten results are dedicated PMax guides from PPC specialists (avivmalka, sfb, fialkov, altdgtl, boostit, bigital, hdigital, liavazran, growthdigital, aston). It is also a practitioner topic — the audience is people already running campaigns, i.e. competitors and in-house marketers, not buyers."
"מומחה גוגל אדס · פרסום בגוגל לעורכי דין · and every other vertical modifier (לרופאים, לנדל""ן, לקוסמטיקאיות)",he,EXCLUDED,Skip,None,paid-ads,,,,,,,"Two separate moats. The expert queries are held by shops that put a years-of-experience number in the title tag (boostit '19 שנות ניסיון', ppc-simple '17 שנות ניסיון') and by the exact-match domain google-ads.co.il, plus three Google-owned slots. The vertical queries are held by vertical specialists (lawgital, din4all, ask-lawyer, aristo-media on the legal SERP). Aiterra has no case study in any vertical and cannot manufacture 17 years."
גוגל אדס לעמותות · מענק גוגל לעמותות,he,EXCLUDED,Skip,None,paid-ads,,,,,,,"Six of the ten results are Google's own properties (google.co.il/grants, google.com/nonprofits x2, support.google.com x2, business.google.com). Beyond the inventory problem, Ad Grants recipients are nonprofits receiving free advertising credit — a low-budget client segment reached through an unwinnable SERP."
כרטיס עסק בגוגל · פתיחת כרטיס עסק בגוגל · כרטיס עסקי בגוגל · כרטיס עסק גוגל,he,EXCLUDED,Skip,None,paid-ads,,,,,,,"Wrong pillar, and I want to be explicit that this is NOT a criticism of the asset. GSC: 35 impr @ pos 21.3, 11 impr @ 22.8, plus two variants — about 52 impressions at position 21-74, all landing on /blog/google-business-profile-guide. But Google Business Profile is a FREE local listing, not paid media; the fact that business.google.com/il/business-profile ranks #1 on פרסום בגוגל לעסקים is what makes the phrasing ambiguous. Score it in the local/SEO pillar where its page-three position is a real opportunity."
מחקר מילות מפתח cluster · אוטומציה לידים · אוטומציה ללידים,he,EXCLUDED,Skip,None,paid-ads,,,,,,,Wrong pillar. Keyword research (about 600 impressions at pos 23-24) belongs to SEO and CONTEXT already flags it as low commercial value with a DIY audience. אוטומציה לידים (GSC: 11 impr @ pos 77.9) and אוטומציה ללידים (2 impr @ 87.0) belong to automation. Counting them here would double-count the same impressions across two pillar plans.
מטרגט,he,EXCLUDED,Skip,None,paid-ads,,,,,,,"GSC: 1 impr @ pos 7.0 on /blog/facebook-instagram-ads. It is an Israeli company name, not a service query — a brand-navigation search that happened to brush against the post. Not a keyword."
Any query containing weblinks.co.il or ביטויים ללא נפחי חיפוש,he,EXCLUDED,Skip,None,paid-ads,,,,,,,"Bot noise per CONTEXT — a competitor's rank-tracker output pasted into Google. I checked: neither pattern falls inside this pillar, so nothing was removed from the scoring here, but I ran the filter rather than assuming."
ניהול קמפיינים במטא,he,EXCLUDED,Skip,None,paid-ads,,,,,,,"Excluded as a TARGET while keeping its SERP evidence, which is the subtle part. Phase 2 correctly found this the softest commercial SERP in the pillar (five service pages, zero Google-owned slots) and recommended attacking it first. But the phrase returns ZERO Google autocomplete suggestions — it sits below the suggestion threshold, which is why its SERP is soft: almost nobody types it. The demand is real but expressed as פייסבוק. Build the page, optimise it for ניהול קמפיינים בפייסבוק, and let במטא be a synonym in the body."
פרסום בפייסבוק לעסקים (the unmodified form),he,EXCLUDED,Skip,None,paid-ads,,,,,,,"Downgraded rather than banned. Slots #1 and #4 are facebook.com GROUPS — groups/288750964991717 and groups/OffersFreeAdvertising — so a meaningful share of this query means 'post my business in a free group', not 'hire an agency'. Prefer the לעסקים קטנים and ממומן modifiers, which filter that audience out."
קידום אתרים חינם / קידום אתרים בגוגל בחינם / בחינם,he,EXCLUDED,Skip,None,seo-organic,,,,,,,"No budget, ever. Trends: 'קידום אתרים בגוגל בחינם' is a top-3 related query for 'קידום אתרים בגוגל' at relative index 76 and is flagged עלייה חדה — i.e. a large and GROWING slice of the head-term pool is people who will never pay. Google's own autocomplete also returns 'קידום אתרים בגוגל לבד' and 'מחקר מילות מפתח חינם'. This is the single biggest reason the head term's apparent size is misleading."
לימודי קידום אתרים / קורס קידום אתרים אורגני / קורס קידום אתרים אונליין / לימודי seo / לימוד seo / מהו קורס קידום אתרים?,he,EXCLUDED,Skip,None,seo-organic,,,,,,,"Students. And this intent contaminates the head term itself: SERP: study.co.il, a course portal, ranks PAGE 1 for the bare 'קידום אתרים'. The PAA 'מהו קורס קידום אתרים?' also appears on both the מומחה and the מומלצות SERPs. Zero shekels."
דרושים קידום אתרים / דרושים seo ללא ניסיון / קידום אתרים משכורות,he,EXCLUDED,Skip,None,seo-organic,,,,,,,"Job seekers and salary research. SERP: 'דרושים seo ללא ניסיון' is a Google IL autocomplete suggestion for the seed 'seo ל', and 'קידום אתרים משכורות' is a suggestion for 'קידום אתרים מ'. Wrong audience entirely."
פורום קידום אתרים,he,EXCLUDED,Skip,None,seo-organic,,,,,,,Practitioners talking to practitioners. Trends: relative index 21 for the head term — the third-highest related term in the whole topic and worth nothing commercially.
קידום אתרים עידן בן אור / קידום אתרים אייל חזן / חברת קידום אתרים סייטלינקס / עשהאל חברת קידום אתרים / מסה מדיה / מומחה קידום אתרים סאסי / seo-simple.co.il / דניאל זריהן בלוג / Rego / רז שפירא,he,EXCLUDED,Skip,None,seo-organic,,,,,,,"Navigational to named competitors. GSC: 'seo-simple.co.il' alone takes 29 impr/89d @ pos 69.5 across /blog, /services/seo and /blog/local-seo-small-business — Aiterra is being shown for a competitor's brand name, which is noise, not demand. Trends: 'קידום אתרים עידן בן אור' is the #2 related query for the head term at relative index 73, which badly inflates the head term's apparent commercial size."
GEO (bare token) / geo optimization / מה זה geo,he,EXCLUDED,Skip,None,seo-organic,,,,,,,"In Israel the token does not mean Generative Engine Optimization. Trends: all 18 IL related queries for 'GEO' are National Geographic, geo-IP, geolocation, Neo Geo, GeoGuessr, geo map, geo news, geo tv and GEO Group stock — not one refers to search optimization. Trends: 'GEO קידום' is 0 on all but 3 of ~250 daily points over 12 months. Target only the disambiguated long forms, which ARE in the table."
קידום אורגני באינסטגרם / קידום אורגני בפייסבוק / קידום אורגני ברשתות חברתיות,he,EXCLUDED,Skip,None,seo-organic,,,,,,,"WRONG MEANING. This is organic SOCIAL reach, not search. Trends: 'קידום אורגני בפייסבוק' is the #4 related query for 'קידום אורגני' at relative index 47 AND the #1 RISING query (עלייה חדה) — so it is actively distorting any volume figure anyone quotes for 'קידום אורגני'. Anyone sizing this pillar from the bare term will overcount badly."
קידום אתרים ממומן / קידום ממומן בגוגל / ניהול קמפיינים בגוגל / ניהול קמפיין ממומן בגוגל / קידום אתרים בפייסבוק / כמה עולה לפרסם בגוגל? / מהו קידום אתרים ממומן?,he,EXCLUDED,Skip,None,seo-organic,,,,,,,"Paid media — belongs to the paid-ads pillar and to /services/marketing. GSC: these are big rows (ניהול קמפיינים בגוגל 346 impr @ 90.5, ניהול קמפיין ממומן בגוגל 288 impr @ 23.7) and folding them into this pillar would flatter it. Mixing organic and paid is precisely what turned /services/seo into a 308 to /services/marketing; the restored page must be explicitly organic-only. Note two of these leak into the price SERP's own PAA block, so the ₪ page has to say 'אורגני' repeatedly to avoid being pulled back into the paid frame."
קידום אתרים בגוגל לבד / קידום אתרים אוטומטי / תוכנה לקידום אתרים אורגני / כלי מחקר מילות מפתח,he,EXCLUDED,Skip,None,seo-organic,,,,,,,"DIY and tool-shoppers. GSC: 'קידום אתרים אוטומטי' 1 impr @ 91.0 and 'תוכנה לקידום אתרים אורגני' 1 impr @ 99.0 — vanishingly small and the searcher is explicitly trying to avoid hiring anyone. 'קידום אתרים בגוגל לבד' is a Google IL autocomplete suggestion, so the DIY intent is real and Google knows it."
בניית קישורים / קניית קישורים / שירות בניית קישורים / קישורים נכנסים,he,EXCLUDED,Skip,None,seo-organic,,,,,,,"SERP (fetched 2026-09-07): an entire link-SELLING market — rushlinks.co.il, vamos-link.co.il, shop.bestlinks.co.il, linkandgo.co.il, buypost.co.il, betterlinks.co.il, seo-rush, kiryatech. This is a commodity product line with a race-to-the-bottom price structure, and 'קניית קישורים' is a grey-hat purchase Aiterra should not be selling. Excluded on positioning grounds as much as on SEO grounds."
קידום אתרים ברמת גן / בהרצליה / בדרום / בשרון / בצפון / בבאר שבע / בירושלים / במודיעין / בעכו / בטבריה / בגליל העליון / ברעננה / בעמק יזרעאל / גדרה,he,EXCLUDED,Skip,None,seo-organic,,,,,,,"GSC: 14 city rows totalling ~280 impressions/89d at positions 90-99, with ZERO clicks, all absorbed by /services/seo while it 308s. No address, no local proof, no GBP, no reason for Google to rank Aiterra in any of them. Chasing them is what produced 280 impressions of nothing. Concentrate the entire local budget on Bat Yam + Holon + the real מרכז catchment, which ARE in the table."
seo (bare token),he,EXCLUDED,Skip,None,seo-organic,,,,,,,"SERP: Google IL autocomplete for the bare seed returns seoul, seoul weather, seo in guk, seora, seoraksan national park, seoul 1988, seoul house, seongsan ilchulbong — Korean place names and a K-drama actor. Any volume figure quoted for bare 'seo' in Israel is meaningless."
קידום אתרים לעורכי דין / לרופאים / לרופאי שיניים / לרואי חשבון / לאדריכלים / לסוכני ביטוח / לצלמים / למטפלים / קידום אתרי תיירות / קידום אתרים בגוגל לעסקי נדל''ן,he,EXCLUDED,Skip,None,seo-organic,,,,,,,"The hardest exclusion in this pillar, because the demand IS real: all ten are Google IL autocomplete suggestions for 'קידום אתרים ל', and קידום אתרים לעורכי דין expands to four further sub-variants. Excluded anyway on two grounds. (1) NO PROOF: data/portfolio-projects.json shows Aiterra's clients are beauty/cosmetics and ecommerce — zero lawyers, doctors, accountants, architects or insurance agents. A vertical page with no case study is a templated city page by another name, which is exactly the pattern that is failing for the competitors. (2) The GSC impressions that look like demand (לאדריכלים 16 @ 98.5, לרואי חשבון 10 @ 98.2, אתרי תיירות 8+10 @ 96, לסוכני ביטוח 1 @ 89.0) came from /services/seo acting as a generic catch-all at position 96-98, not from any relevance signal. SERP (fetched): קידום אתרים לרואי חשבון returns eight dedicated agency vertical pages (danielzrihen, sitelinx, personasmedia, koranga, foxie, kroyzer, seoagency, new-seo) and לעורכי דין returns seven. Revisit ONLY after a real case study exists in that sector."
קידום אתרים לקוסמטיקאיות / קידום אתרים לקליניקה / קידום אתרים למכון יופי,he,EXCLUDED,Skip,None,seo-organic,,,,,,,"The mirror image of the exclusion above, and the more interesting one: these ARE the verticals Aiterra can prove (קארין כהן — ריסים, קוסמטיקס חופית, מעיין ועקנין — קוסמטיקה קלינית, ALOVA — טיפוח שיער). But SERP: all three seeds returned ZERO Google IL autocomplete suggestions. The sector has no Hebrew search identity as an SEO-service query. Proof without demand is as useless as demand without proof — this is why the vertical-page strategy fails in both directions for this account."
קידום אתרים לחנות אונליין / קידום חנות אונליין / seo לחנות אונליין / קידום אתרים לחנות וירטואלית,he,EXCLUDED,Skip,None,seo-organic,,,,,,,"All four seeds returned ZERO Google IL autocomplete suggestions, and SERP: Google broadened my query to 'קידום אתרים חנות אונליין' ('כולל תוצאות עבור...'), which is what it does when the exact phrase has too little data. The ecommerce-SEO demand that IS real surfaces as 'קידום אורגני לאתרי מכירות' (GSC: 15 impr @ 82.1), which is in the table. Do not build pages around the חנות אונליין phrasing."
מה זה קידום אתרים / מה זה seo / קידום אורגני מה זה / מהו קידום אורגני בגוגל? / מה זה קידום אורגני?,he,EXCLUDED,Skip,None,seo-organic,,,,,,,Definitional. Trends: 'מה זה קידום אורגני' is the #2 related query for קידום אורגני at relative index 85 — genuinely large — but he.wikipedia.org holds page 1 for the head term and every incumbent answers it in their intro paragraph. It converts nothing and Aiterra cannot outrank Wikipedia on a definition. Answer it in two sentences inside a page that targets something else.
דירוג בגוגל / דירוג אתר בגוגל / שיפור דירוג בגוגל / איך מעלים דירוג בגוגל,he,EXCLUDED,Skip,None,seo-organic,,,,,,,"Real autocomplete cluster (Google IL returns eight expansions for the seed 'דירוג בגוגל') but the intent is DIY self-help — the searcher wants to move their own ranking, not hire. Adjacent sibling 'דירוג מסעדות בגוגל' also confirms the token carries a restaurant-ratings meaning. Deprioritise rather than target."
סרץ קונסול / גוגל סרץ קונסול / google search console,he,EXCLUDED,Skip,None,seo-organic,,,,,,,"Tool-support queries owned by Google's own documentation. SERP: autocomplete for 'google search console' returns url inspection, remove outdated content, registration, demo, mcp — all product support. Not a buying audience."
קידום אתרים בארצות הברית / קידום אתרים באנגלית,he,EXCLUDED,Skip,None,seo-organic,,,,,,,"Both are Google IL autocomplete suggestions for 'קידום אתרים ב', so the demand is real — Israeli businesses selling abroad. Excluded because it is a different service Aiterra cannot currently deliver evidence for: /en returns 404 in production, there is no /en/blog route at all, and the owner has already decided English scope is a thin 5-8 page shell with no content programme. Revisit only if that decision changes."
אתר לבניית אתרים בחינם / בניית אתרים בחינם 123 / מחירון בניית אתרים / בונה אתרים מומלץ / חברות עיצוב אתרים,he,EXCLUDED,Skip,None,seo-organic,,,,,,,"Harvested from the 'אנשים חיפשו גם' blocks on this pillar's own SERPs, which shows how much DIY-website-builder traffic sits adjacent to קידום אתרים. Wrong pillar (web-dev) AND wrong audience (free-tier DIY). Recorded so nobody mistakes the related-searches block for demand."
"Any query containing weblinks.co.il, and the string ביטויים ללא נפחי חיפוש",he,EXCLUDED,Skip,None,seo-organic,,,,,,,"Bot noise per CONTEXT.md — a competitor's rank-tracker output (keyword,url,,rank) pasted into Google, ~130 impressions sitewide. Excluded from every count in this report. For the record the pillar-relevant one is 'מילות מפתח בגוגל,https://weblinks.co.il/מחקר-מילות-מפתח/,,96' at 39 impr @ pos 19.8 — which would otherwise look like a strong keyword-research position and is entirely fake."
מרתון קידום בגוגל,he,EXCLUDED,Skip,None,seo-organic,,,,,,,"GSC: 1 impr @ pos 63.0. A named training programme, i.e. a course/event query. Student intent, single impression, no value."
קידום אתרים ובניית אתרים,he,EXCLUDED,Skip,None,seo-organic,,,,,,,GSC: 1 impr @ pos 97.0. A cross-pillar compound that belongs to neither page cleanly. Recorded and dropped — chasing it would justify a combined page that would cannibalise both /services/seo and /services/brochure.
חנות אינטרנטית חינם · בניית חנות אינטרנטית בחינם · הקמת חנות אינטרנטית חינם · פתיחת חנות אינטרנטית בחינם · חנות וירטואלית חינם · בניית חנות וירטואלית חינם · תבניות שופיפיי בעברית חינם,he,EXCLUDED,Skip,None,ecommerce,,,,,,,"DIY / free-tool intent — will never hire an agency. This is not a marginal exclusion: 'חינם' is a top-5 autocomplete completion for FIVE separate seeds I tested, and Trends puts 'חנות אינטרנטית בחינם' at relative index 32 among related queries. A large share of the head term's apparent volume is this audience, which is exactly why the head term's impressions convert to zero clicks."
איך לפתוח חנות אינטרנטית בלי להוציא שקל מהכיס,he,EXCLUDED,Skip,None,ecommerce,,,,,,,Google's #1 completion for the seed 'איך לפתוח חנות אינטרנטית'. Explicitly zero-budget. The single clearest Skip signal found in the whole pillar.
קורס בניית חנות אינטרנטית · קורס הקמת חנות אינטרנטית · קורס פתיחת חנות אינטרנטית · דרופשיפינג קורס,he,EXCLUDED,Skip,None,ecommerce,,,,,,,"Students and course-buyers. Autocomplete returns a 'קורס' variant for three separate build seeds, confirming a large learn-to-DIY audience sitting on top of this vocabulary."
חנות אינטרנטית בגדים · חנות אינטרנטית למוצרי חשמל · חנות אינטרנטית לתכשיטים · חנות אינטרנטית לבגדים · חנות אינטרנטית לרהיטים · חנות אינטרנטית לעיצוב הבית · חנות בשמים אינטרנטית · חנות בדים אינטרנטית · חנות אינטרנטית למטייל · חנות אינטרנטית בשבת,he,EXCLUDED,Skip,None,ecommerce,,,,,,,"SHOPPERS looking for a store to buy FROM, not businesses looking to build one. This is the biggest trap in the pillar: eight of the ten completions for the seed 'חנות אינטרנטית ל' are product verticals. Any volume figure quoted for 'חנות אינטרנטית' without stripping this out is meaningless for an agency."
"חנות אינטרנטית אמזון · חנות אינטרנטית באמזון · מכירה באמזון מישראל · דרופשיפינג + all variants (למתחילים, ישראל, באיביי, באטסי, באמזון, ai)",he,EXCLUDED,Skip,None,ecommerce,,,,,,,"Marketplace-seller and side-hustle audience. They are not commissioning a custom store — they are renting someone else's platform. Wrong audience, no budget for an engineering agency."
מניית שופיפיי,he,EXCLUDED,Skip,None,ecommerce,,,,,,,"Stock-market investors. Trends ranks it at relative index 99 — the #2 related query for 'שופיפיי', nearly tied with the top one. This means roughly half of all Hebrew interest in 'שופיפיי' is financial, not commercial, and it is the specific reason I refused to translate the term's Trends index into anything resembling a volume."
סליקה (bare) · סליקה ביטוח · מרכז סליקה בנקאי · אי רציפות סליקה · דוח סליקה · סליקה לרכב · סליקה לרכב עבר ביטוחי,he,EXCLUDED,Skip,None,ecommerce,,,,,,,"WRONG MEANING — the most important Hebrew-specific exclusion here. 'סליקה' also means pension and insurance clearing, and Trends' related-queries for the bare term are dominated by it (סליקה ביטוח 38, מרכז סליקה בנקאי 39, דוח סליקה 26, אי רציפות סליקה 16). The bare word must never be targeted; only the '+ שופיפיי / ווקומרס / אתר / חנות' modifiers carry e-commerce meaning."
סליקת אשראי לאתר אינטרנט · סליקה לאתר · חברת סליקה לאתר אינטרנט · מערכת סליקה לאתר אינטרנט · חברות סליקה · חברות סליקה בישראל,he,EXCLUDED,Skip,None,ecommerce,,,,,,,"Structurally unrankable for an agency. Phase 2 verified that 9 of 9 results on this SERP are the acquirers themselves (Cal, Cardcom ×2, invoice4u, Tranzila, iCount, iCredit, PeleCard ×2). Chasing the bare vendor-selection term burns budget for nothing — the crack is the COMPARISON framing, which I kept as 'חברות סליקה שופיפיי'."
מסוף סליקה · מסוף סליקה נייד · מסוף סליקה אשראי · מסוף סליקה אינטרנטי · מסוף סליקה מחיר · מסוף סליקה יד 2 · מכשיר סליקה,he,EXCLUDED,Skip,None,ecommerce,,,,,,,"Physical card-terminal hardware, sold and ranked by the acquirers and by second-hand marketplaces. Adjacent vocabulary, wrong product — Aiterra sells store engineering, not POS terminals. Relevant as a COST LINE inside the pricing guide, never as a keyword target."
עמלות סליקה ישראכרט · עמלות סליקה מקס · עמלות סליקה דיינרס · עמלות סליקה grow · עמלות סליקה משולם · עמלות סליקה טרנזילה · עמלות סליקה בחול,he,EXCLUDED,Skip,None,ecommerce,,,,,,,"Acquirer-selection and fee-shopping intent, on SERPs owned by the acquirers themselves. The searcher is choosing a payment provider, not a builder, and will not become an agency lead. Fee data belongs inside the comparison table as supporting evidence, not as a target."
icount סליקה שופיפיי · grow סליקה שופיפיי · חשבונית ירוקה מורנינג · חשבונית ירוקה morning,he,EXCLUDED,Skip,None,ecommerce,,,,,,,"Vendor-branded terms. Phase 2 verified that icount.co.il/shopify/ already ranks on its own brand-plus-product term, and a third-party agency does not outrank a vendor on the vendor's own name. Kept the generic and comparison siblings (חיבור סליקה שופיפיי, חברות סליקה שופיפיי) where no vendor can compete — that distinction is the whole strategy."
שופיפיי כניסה · שופיפיי לוג אין · שופיפיי שירות לקוחות · שופיפיי ישראל טלפון · שופיפיי ישראל שירות לקוחות · חשבונית ירוקה כניסה · חשבונית ירוקה טלפון · חשבונית ירוקה שירות לקוחות · ווקומרס כניסה · קונימבו כניסה למערכת · קונימבו טלפון · קונימבו שירות לקוחות,he,EXCLUDED,Skip,None,ecommerce,,,,,,,"Navigational — existing customers looking for a login screen or a support line. Zero commercial value to a third party and impossible to rank for. Together these are a large share of every vendor-brand autocomplete block, which is another reason brand-term volumes look deceptively attractive."
שופיפיי שופ אשקלון,he,EXCLUDED,Skip,None,ecommerce,,,,,,,An unrelated local business that happens to share the brand string. Pure noise in the autocomplete block.
קונימבו · קונימבו מחיר · קונימבו חוות דעת · קונימבו תוספים · קונימבו api · קונימבו ממשק ניהול,he,EXCLUDED,Skip,None,ecommerce,,,,,,,"Competitor-SaaS brand terms — Skip per the brief's tool-comparison rule. The SERP will be Konimbo's own properties plus review aggregators, and the dominant intent is 'I have already chosen Konimbo'. The one genuinely useful slice (people comparing Konimbo against hiring a builder) is better captured on the pricing guide than by attacking the brand term."
קונימבו דרושים,he,EXCLUDED,Skip,None,ecommerce,,,,,,,Job seekers. Zero commercial value.
חיבור חשבונית ירוקה לרשות המיסים · חיבור חשבונית ירוקה למספר הקצאה · חשבונית ירוקה חיבור לבנק,he,EXCLUDED,Skip,None,ecommerce,,,,,,,"These are the ONLY three completions Google returns for 'חיבור חשבונית ירוקה' — and all three are tax-compliance and banking tasks belonging to an accountant, not store-integration work. A useful negative finding: it means the invoicing-integration demand Phase 2 assumed exists is real only in the Shopify pairing, which I kept."
חנות איקומרס · חנויות איקומרס · פיתוח חנות איקומרס,he,EXCLUDED,Skip,None,ecommerce,,,,,,,"GSC: 5 impr @ 52.2, 3 impr @ 61.0 and 1 impr @ 90.0 — all landing on /landings/ecomerce, which I verified today returns 404 (and whose trailing-slash variant 308-redirects INTO that 404). The transliteration is also simply not how Israelis type this; 'חנות אינטרנטית' outweighs it roughly 20:1 in GSC. Fix the broken redirect as hygiene; do not target the term."
אתר מכירתי · אתר מכירה באינטרנט · אתר מכירות אונליין · אתרי חנות · אתר מכירות,he,EXCLUDED,Skip,None,ecommerce,,,,,,,"Ambiguous in Hebrew and verifiably polluted. These carry 31 GSC impressions between them at positions 44-84, but the phrase reads as often as 'a site that sells well' (CRO/copywriting) as 'an e-commerce build' — and autocomplete for 'אתר מכירות' returns charity and religious auction sites (עטרת שלמה, תומכי תורה, סורוצקין), plus 'אתר מכירות ברשת תשחץ' which is a crossword clue. Genuinely junk traffic."
עסק אונליין · עסק באינטרנט,he,EXCLUDED,Skip,None,ecommerce,,,,,,,"GSC: 5 impr @ 48.6 and 2 impr @ 43.5. Work-from-home and side-hustle audience — people looking for a business idea, not people who have a business and need a store. Pre-revenue, no budget."
חנות וירטואלית · אתר חנות וירטואלית · חנות וירטואלית למכירה,he,EXCLUDED,Skip,None,ecommerce,,,,,,,"A DECLINING term, and that is measurable: Trends shows it hit the window maximum (100) early and decayed to 0-12 by the end of the 12 months, while 'חנות אינטרנטית' held steady. Investing in dated vocabulary is a compounding loss. 'חנות וירטואלית למכירה' is separately wrong — buying an existing store, i.e. M&A intent, not a build."
חנות אינטרנטית למכירה,he,EXCLUDED,Skip,None,ecommerce,,,,,,,"The #3 Google completion for the bare head term, and it means the opposite of what it looks like: someone wants to BUY an existing online store as an asset. Not a build lead."
בניית חנות אינטרנטית ai · דרופשיפינג ai · בניית אתר באמצעות ai,he,EXCLUDED,Skip,None,ecommerce,,,,,,,A genuinely rising modifier — 'בניית חנות אינטרנטית ai' is autocomplete-confirmed — but the intent is 'AI will build it for me instead of my paying someone'. It self-selects for the audience least likely to hire an engineering agency. Worth monitoring as a trend; not worth targeting.
תקנון חנות אינטרנטית,he,EXCLUDED,Skip,None,ecommerce,,,,,,,"Autocomplete-confirmed, but the searcher wants a free terms-and-conditions template, and the correct supplier is a lawyer. Wrong funnel stage too — they already have a store. Possible lead magnet one day; not a keyword target."
איזה חנות אינטרנטית כדאי לפתוח · איפה כדאי לפתוח חנות אינטרנטית,he,EXCLUDED,Skip,None,ecommerce,,,,,,,"GSC shows 3 impr @ 41.3 for the second, so it is real — but the intent is niche-picking by an aspiring entrepreneur with no product and no revenue yet. Pre-budget by a wide margin. Excluded despite a decent existing position, because ranking for it produces enquiries that cannot convert."
שופיפיי או וויקס,he,EXCLUDED,Skip,None,ecommerce,,,,,,,"Kept its two sibling comparisons (או ווקומרס, או וורדפרס) but excluded this one: a searcher weighing Shopify against Wix has already signalled they are shopping at the DIY/budget end, where both options are self-serve. The WordPress and WooCommerce comparisons imply a build."
"חנות אינטרנטית נגישות · ת""י 5568 for stores · משלוחים לחנות אינטרנטית · עגלת קניות נטושה · אחוז המרה בחנות אינטרנטית · מהירות טעינה חנות אינטרנטית · קידום אתר מסחר · seo לחנות אינטרנטית · חברות בניית חנויות אינטרנטיות · המלצות חנות אינטרנטית · מיגרציה לשופיפיי · חנות אינטרנטית עוסק פטור · חנות אינטרנטית מס הכנסה · חנות אינטרנטית לעסק קטן · חנות אינטרנטית בקוד",he,EXCLUDED,Skip,None,ecommerce,,,,,,,"ALL return ZERO Google autocomplete suggestions — they sit below the suggestion threshold, meaning there is no measurable query demand in these phrasings. This directly downgrades three angles Phase 2 proposed (store accessibility/ת""י 5568, shipping-carrier integration, and the CRO/abandoned-cart material): they are real operational topics and good on-page trust content, but they are not keywords. Publishing pages against them would be writing into silence."
חנות אינטרנטית בת ים · בניית חנות אינטרנטית תל אביב,he,EXCLUDED,Skip,None,ecommerce,,,,,,,"Zero autocomplete suggestions for both — there is NO local-intent demand in this pillar. This is a specific, useful negative: 'בניית אתרים בת ים' does have demand (GSC: 28 impr @ 15.6), so local pages work for the website pillar, but store-building simply is not searched geographically in Israel. Do not build an e-commerce local landing page."
"Queries containing 'weblinks.co.il' · 'ביטויים ללא נפחי חיפוש שכדאי להשתמש:' · '""מכירים בונה אתרים"" -site:reddit.com -site:twitter.com …'",he,EXCLUDED,Skip,None,ecommerce,,,,,,,"BOT NOISE per the CONTEXT.md corrections — a competitor's rank-tracker output pasted into Google (~130 impressions site-wide). I checked this pillar specifically: the third one, a scraper query with a long site: exclusion chain, DOES appear in the e-commerce grep at 1 impr @ pos 1.0 and is excluded here. Position 1.0 on a bot query must never be reported as a ranking win."
כמה עולה תמיכת אתרים · עלות תמיכת אתרים · כמה עולה תמיכה באתר · עלות תמיכה באתר,he,EXCLUDED,Skip,None,maintenance,,,,,,,"SKIP despite 93 combined GSC impressions (47/43/2/1) at positions 32-57 — the largest single block of impressions I am throwing away. Phase 2 fetched the SERP for this phrasing and got 7 of 7 בניית אתרים build-cost pages (digitizer, webitnow, clicky, jonnystudio, alfaweb, aviv-digital, itayost). Google reads תמיכת אתרים as 'cost to build', not 'retainer'. Ranking for it would require writing build-cost content, which is a different pillar and a different buyer. The impressions are real; the intent match is not."
עלות אחסון אתר לשנה · כמה עולה אחסון אתר לשנה · עלות אחסון אתר,he,EXCLUDED,Skip,None,maintenance,,,,,,,"SKIP (10 combined GSC impressions, positions 32-43). Hosting-shopping intent — this buyer wants uPress, Vangus or Hostinger, not an agency retainer. Autocomplete corroborates the meaning: the only domain-related suggestion off this prefix is a registrar query. Ceding it is correct. Keep hosting as a SECTION inside the pillar (naming real Israeli hosts with prices is what puts maimonweb at #1) but never as a ranking target."
תחזוקת אתר אומברקו,he,EXCLUDED,Skip,None,maintenance,,,,,,,"SKIP (1 GSC impression, pos 22.0). Umbraco is an enterprise .NET CMS. Not Aiterra's stack, not a market in Israel at any meaningful scale, and serving it would pull the service page's positioning away from the SMB buyer it needs."
"make web search for the following query: ""כמה עולה שירות תחזוקת אתרים וניהול שרתים בחודש?"" · make web search for the following query: ""מה כוללת תחזוקת אתר שוטפת ולמה היא חשובה?""",he,EXCLUDED,Skip,None,maintenance,,,,,,,"SKIP (7 combined GSC impressions). LLM-agent prompt scaffolding pasted verbatim into Google — not human searches. Worth recording for exactly one reason: the maintenance post surfaces at positions 3.5 and 3.6 for these agent queries versus 18.4 for humans on the head term. The AEO/GEO surface is dramatically friendlier to this page than the blue-link surface is, which is an argument for keeping its FAQPage schema and TL;DR structure intact through any rewrite."
"מילות מפתח בגוגל,https://weblinks.co.il/מחקר-מילות-מפתח/,,96 · ביטויים ללא נפחי חיפוש שכדאי להשתמש:",he,EXCLUDED,Skip,None,maintenance,,,,,,,"SKIP (69 combined GSC impressions). Bot noise — a competitor's rank-tracker rows pasted into Google, per the CONTEXT.md correction. Excluded by standing instruction. They belong to the keyword-research cluster, not this pillar, but I checked and confirmed neither appears in the maintenance rows."
אחזקת מבנים / אתרים אחזקת מבנים,he,EXCLUDED,Skip,None,maintenance,,,,,,,"SKIP — wrong industry entirely (facilities and building maintenance). Not a keyword I chose to chase and discard; it is a DISAMBIGUATION RISK I discovered. Google's own autocomplete returns 'אתרים אחזקת מבנים' as a suggestion off the stem אחזקת אתר, which means the אחזקה spelling is semantically contested. Any Aiterra page targeting the אחזקה variant must carry אתר אינטרנט in the same phrase or it will attract construction-sector traffic that will never convert."
כמה עולה להחזיק רכב / כלב / סוס / סירה / יאכטה / מטוס פרטי / בריכה / בית פרטי / דירה / חתול / אופנוע / קרוואן / טסלה / מונית / מרצדס / עוסק מורשה / תעודת כשרות / תמי 4 (~50 further suggestions),he,EXCLUDED,Skip,None,maintenance,,,,,,,"SKIP — wrong meaning. This is the single most important exclusion in the set and it reframes the pillar: my alphabet-soup expansion of the prefix כמה עולה להחזיק returned roughly 50 suggestions and only ONE of them (כמה עולה להחזיק אתר אינטרנט) is about websites. The prefix belongs to cars, pets and boats in Google's Hebrew corpus. Aiterra ranks 28.3 for כמה עולה להחזיק אתר, so the phrase works — but it must never be treated as a productive prefix pattern to expand against."
כמה עולה תחזוקת בריכה · כמה עולה תחזוקת גינה · כמה עולה תחזוקת מעלית · כמה עולה תחזוקת רכב · עלות תחזוקת בריכה ביתית · עלות תחזוקת גינה · עלות תחזוקת מעלית,he,EXCLUDED,Skip,None,maintenance,,,,,,,"SKIP — wrong meaning, same finding as above. Autocomplete on the prefixes כמה עולה תחזוקת and עלות תחזוקת returns pools, gardens, elevators and cars, and NEVER אתר. Independent confirmation that the website-maintenance pool sits far below the ambient volume of the generic Hebrew maintenance-cost phrasing it shares a prefix with."
תחזוקת אתר וורדפרס as a SEPARATE PAGE (the phrase itself is retained as a section — see keywords),he,EXCLUDED,Skip,None,maintenance,,,,,,,"EXCLUDED AS A PAGE. Competitor supply is overwhelming — 8+ of the top 20 titles for the head term carry וורדפרס, and digitizer, bewiser, morazweb and mnemir all sell productised WordPress-maintenance packages with carts at ₪250-700/month. But demand for THIS domain is zero on two independent sources: no GSC impression in 89 days, and Google Trends returns 0 in every weekly bucket across a full five years. Aiterra also does not build WordPress, so the business it would win is support on someone else's technical debt. Covering it as a section is mandatory for topical completeness; funding it as a page is not."
הנגשת אתרים מחיר,he,EXCLUDED,Skip,None,maintenance,,,,,,,"NOT EXCLUDED from the business, but excluded from THIS pillar's table. GSC shows 1 impression at pos 63.0 and it lands on the /v2/ duplicate of the 5568 post. Accessibility pricing is its own pillar with its own vendor SERP (vee.co.il markets ת""י 5568 conformance at ₪500/year); scoring it here would double-count it against whoever owns the accessibility pillar."
Head terms sought but NOT FOUND to exist: שירותי תחזוקת אתרים · תחזוקה שוטפת לאתר · מחירון תחזוקת אתר · ניהול ותחזוקת אתרים,he,EXCLUDED,Skip,None,maintenance,,,,,,,"EXCLUDED for absence of evidence, recorded so nobody re-derives them. All four returned ZERO Google autocomplete suggestions (hl=he&gl=il, 2026-09-07) and none has a GSC row. wemanage.co.il does hold a /מחירון-תחזוקת-אתר/ URL, so the concept is commercially live even where the query is not — which is why מחירון belongs in the service page's copy but not in a keyword target list. Do not add these to a plan without Keyword Planner."
מערכת אוטומציה (GSC: 120 impr/89d @ pos 75.1) and מערכות אוטומציה (GSC: 118 impr/89d @ pos 57.8),he,EXCLUDED,Skip,None,automation,,,,,,,"238 impressions, 46% of the raw cluster, and it is the wrong audience. Phase 2's SERP fetch found encyclopedia x2, glossary x2, free/no-code tool listicles x3, industrial vendors x3, SaaS vendors x2 and ZERO agency service pages. I now have two independent confirmations: Google Trends related queries for 'אוטומציה' rank אוטומציה ירוחם 100 (an industrial firm), תיק עובד 69 (payroll software), קורס 45, מפתח 28, בדיקות אוטומציה 25 (QA testing) — with אוטומציה עסקית dead last at 16; and autocomplete resolves 'מערכת אוטומציה' to 'make מערכת אוטומציה' and 'מה זה מערכת אוטומציה'. This is a define-it-then-DIY-it audience. At position 1 the click would rarely become a lead."
"מערכת אוטומציה תעשייתית (45 impr @ 73.5), מערכות אוטומציה תעשייתיות (29 @ 62.6), מערכת אוטומציה לתעשייה (16 @ 97.8), תוכנת אוטומציה תעשייתית (2 @ 66.0), plus autocomplete 'אוטומציה לתעשייה'",he,EXCLUDED,Skip,None,automation,,,,,,,"92 GSC impressions written off. Phase 2's SERP for מערכת אוטומציה תעשייתית was 5 of 5 factory-floor engineering firms (ayeruham, yshoham, repac, arc-automation, elvit) with zero software companies. These are PLC, robotics and production-line buyers. A web agency cannot serve them, and every lead generated would be a wasted sales conversation."
אוטומציה ובקרה · חברות אוטומציה ובקרה · אוטומציה ירוחם · חברת אוטומציה ירוחם · ראפ אוטומציה · שמש אוטומציה,he,EXCLUDED,Skip,None,automation,,,,,,,"Trends related-queries for 'אוטומציה' (IL) — the industrial-control discipline plus three named industrial companies, one of which is the single highest-index related query at 100. Navigational to competitors in a different industry."
בדיקות אוטומציה (Trends related index 25) · מפתח אוטומציה (28) · מפתח אוטומציות שכר · מפתח אוטומציות דרושים · דרוש מפתח אוטומציות · כמה מרוויח מפתח אוטומציות · אוטומציה לעסקים דרושים · אוטומציה עסקית שכר · אוטומציות ai דרושים · דרושים ייעול תהליכים,he,EXCLUDED,Skip,None,automation,,,,,,,"Two separate wrong audiences in one bucket. בדיקות אוטומציה is QA test automation — a different profession entirely, not a service Aiterra sells. The rest are job seekers and salary researchers, verified across Trends related queries and four autocomplete seeds. Autocomplete for 'אוטומציה עסקית' returns דרושים and שכר as suggestions 2 and 3."
קורס אוטומציה (Trends related index 45) · אוטומציה לעסקים קורס · אוטומציות לעסקים קורס · אוטומציה עסקית קורס · קורס בניית אוטומציות · קורס פיתוח אוטומציות · אוטומציות ai קורס · קורס זאפייר · כמה עולה קורס אוטומציה · קורס אוטומציה מחיר · אוטומציה עסקית פרוג · אוטומציה עסקית קדם · אוטומציה עסקית לימודים · אוטומציה לימודים · אוטומציה למתחילים (GSC: 3 impr @ 68.7),he,EXCLUDED,Skip,None,automation,,,,,,,"Students, career-changers and colleges (פרוג and קדם are Israeli training institutes). The decisive detail: 'כמה עולה אוטומציה' autocompletes ONLY to course-price queries, and 'מחיר אוטומציה' only to 'קורס אוטומציה מחיר'. In Hebrew, unqualified price intent on this word is course-price intent — which is precisely why the plan prices the WhatsApp bot instead."
אינטגרציה (bare head) · אינטגרציה בחלקים · אינטגרציה בחלקים נוסחה · אינטגרציה איבר איבר · אינטגרציה לפי חלקים · אינטגרציה אנכית · אינטגרציה מבנית · אינטגרציה חברתית · אינטגרציה פסיכולוגיה · לימודי אינטגרציה · הנדסאי אינטגרציה לייצור,he,EXCLUDED,Skip,None,automation,,,,,,,"Autocomplete for the bare 'אינטגרציה' returns integration-by-parts calculus, vertical integration in economics, and social/psychological integration. Only 1 of its 10 suggestions is business-systems related. The word is unusable without the לעסקים qualifier, which is why every integration row in the table carries one."
חיבור לידים אקג · חיבור לידים של אקג · חיבור לידים מוניטור · חיבור מערכות הדסה · טופס 4 חיבור מערכות · חיבור וואטסאפ למחשב / ווב / לשני מכשירים / לשעון סמסונג / לטאבלט · חיבור חשמל ללא טופס 4,he,EXCLUDED,Skip,None,automation,,,,,,,Homograph traps I only found because I ran autocomplete. 'לידים' in isolation means ECG leads (medical monitoring); 'חיבור מערכות' returns hospital systems and building electrical connection permits; 'חיבור וואטסאפ' unqualified is consumer device support. Any page built on these bare stems would rank for the wrong thing or not at all.
"תיק עובד אוטומציה (Trends related index 69, second-highest for 'אוטומציה')",he,EXCLUDED,Skip,None,automation,,,,,,,"An HR/payroll personnel-file product. The second-strongest association Israelis have with the word אוטומציה is a product Aiterra does not sell. Excluded as wrong meaning, and cited as evidence against the head term."
חשבונית ירוקה כניסה · חשבונית ירוקה טלפון · חשבונית ירוקה שירות לקוחות · חשבונית ירוקה חינם · חשבונית ירוקה כניסה לחשבון · icount כניסה / טלפון / מחירון / שירות לקוחות / תמיכה · ריווחית טלפון / כניסה / שירות לקוחות / תמיכה · חשבשבת תמיכה / טלפון / שירות לקוחות · פריוריטי כניסה / שירות לקוחות / תמיכה · וואטסאפ ביזנס להורדה / למחשב / התחברות / נחסם,he,EXCLUDED,Skip,None,automation,,,,,,,"Pure navigation and vendor support. These dominate the autocomplete of every Israeli tool brand and are the reason 'חשבונית ירוקה' shows high Trends interest — people are logging in, not hiring. Counting that interest as pillar opportunity would be the single easiest way to overstate this pillar's size."
icount api · חשבונית ירוקה api · מורנינג api · morning api documentation · חשבשבת api · ריווחית api · ריווחית אונליין api (all autocomplete-verified),he,EXCLUDED,Skip,None,automation,,,,,,,"Real queries, unwinnable as head terms. Phase 2 measured icount.co.il at 5 of 6 slots on its own API SERP and greeninvoice.co.il at 8 of 9 on its. A vendor owns its own documentation permanently. Aiterra should mention these APIs inside pair-page and regulatory content, never build a page aimed at the brand-plus-API query."
מספר הקצאה חשבונית ירוקה (autocomplete-verified) and its brand-qualified variants,he,EXCLUDED,Skip,None,automation,,,,,,,"I fetched this SERP myself and got 8 of 8 greeninvoice.co.il results (magazine, api-docs, help-center x3, tax-auth page, homepage) plus the App Store. Total vendor lockout. This is why the allocation-number page targets the unbranded developer phrasings (מספר הקצאה api, חשבוניות ישראל api) instead — and it is a correction to the instinct that any מספר הקצאה query is open."
מספר הקצאה 2025 (Trends related index 8),he,EXCLUDED,Skip,None,automation,,,,,,,"Stale year. The threshold regime steps annually, so a 2025-anchored page decays on a known date. Build the page year-agnostic with a dated changelog section instead — that is what makes it re-earn its ranking when the number moves."
make.com mcp / tutorial / academy / vs zapier / cli · n8n download / pricing / cloud / templates / login · זאפייר מה זה / מחיר / מדריך · אוטומציות במייק · אוטומציות בmake · אוטומציות באקסל · אוטומציות באייפון · אוטומציות באינסטגרם,he,EXCLUDED,Skip,None,automation,,,,,,,DIY tool operators and international documentation seekers. Someone searching 'n8n pricing' is building it themselves this weekend. Aiterra should name these tools on its service page as proof of capability — the served HTML of /services/development currently contains Make 0 and Zapier 0 times — but must not target their product queries.
whatsapp api pricing / free / docs / github / setup / reddit / to send bulk messages,he,EXCLUDED,Skip,None,automation,,,,,,,"The English autocomplete tail is an international developer audience, and 'bulk messages' signals grey-market blasting, which is exactly the compliance problem Aiterra's page should warn against rather than court. Hebrew WhatsApp queries only."
בוט וואטסאפ קניות · בוט וואטסאפ רשימת קניות · בוט וואטסאפ תמלול,he,EXCLUDED,Skip,None,automation,,,,,,,"Consumer utilities, not business deployments. Sits directly beside the commercial 'בוט וואטסאפ מחיר' in the same autocomplete response, so the page copy must qualify with לעסק to avoid the bleed."
תוכנה לניהול עסק חינם · תוכנה לניהול עסק חינם להורדה · תוכנה לניהול עסק קטן חינם · ניהול לידים חינם · מערכת ניהול לידים חינם · 5 מערכות אוטומציה עסקית חינמיות · 9 פלטפורמות אוטומציה no-code,he,EXCLUDED,Skip,None,automation,,,,,,,"The חינם / no-code / free-tools audience. These listicles are what actually ranks on the automation head terms, which is the mechanism by which that head is a DIY SERP. Someone searching for free software has disqualified themselves as a client of a custom-integration agency."
מערכת ליצירת אוטומציות חכמות (GSC: 2 impr @ 77.5) · מערכת אוטומציות (1 @ 62.0) · מערכת אוטומציה לעסקים (1 @ 95.0) · אוטומציה לעסק (10 @ 99.0),he,EXCLUDED,Skip,None,automation,,,,,,,"Product-shopping phrasings ('which system do I get') rather than hiring phrasings ('who builds this for me'). Same structural problem as crm עם הפקת חשבוניות, at a fraction of the impressions and far worse positions. Not worth a line in a 5-6 page plan."
אוטומציה לעסקים (GSC: 31 impr @ 99.6) and חברות אוטומציה (GSC: 10 impr @ 84.6),he,EXCLUDED,Skip,None,automation,,,,,,,"Demoted rather than deleted — I did not put these in the table and want the reason on record. The SERP is genuine agencies (crmtoday, tomahawk, trigx, rewire) but it also carries expert.co.il's review directory, which appeared in 2 of Phase 2's 13 SERPs. Against a directory the right move is to get listed, not to outrank. Meanwhile the head is contaminated by the course and jobs intents documented above. The table targets פיתוח / בניית / שירותי אוטומציות לעסקים instead — same buyer, cleaner SERP, no directory."
אוטומציה לחנות אינטרנטית · אוטומציה לקליניקה · אוטומציה למשרד עורכי דין · אוטומציה לרואי חשבון · דיגיטציה לעסק · ייעול תהליכים בעסק · פיתוח מערכת לעסק · מערכת ניהול מותאמת אישית · חיבור אתר לcrm · חיבור וורדפרס ל… · חיבור ווקומרס ל… · wix חשבונית ירוקה · ווקומרס חשבונית · שופיפיי חשבונית · מספר הקצאה ווקומרס · מספר הקצאה חנות · שליחת הודעות וואטסאפ אוטומטי · תזכורות אוטומטיות ללקוחות · קליטת לידים אוטומטית · whatsapp business api ישראל,he,EXCLUDED,Skip,None,automation,,,,,,,"All returned ZERO autocomplete suggestions (he/IL). Two whole strategies die here: the vertical landing-page play (automation for clinics / lawyers / stores) and the site-platform connector play (WordPress, WooCommerce, Wix to accounting). Both look obvious and neither is typed. Stated as evidence of rarity, not proof of zero — 'אינטגרציה בין מערכות לעסק' also returns nothing yet carries 17 GSC impressions, so the honest rule is that autocomplete silence demotes a term but never alone kills one with GSC data behind it."
מערכת אוטומציה שיווקית · אוטומציה שיווקית · מה זה אוטומציה שיווקית (all autocomplete-verified),he,EXCLUDED,Skip,None,automation,,,,,,,"Real demand, wrong pillar. Marketing automation belongs to the marketing/campaigns pillar alongside the ניהול קמפיינים cluster (GSC: 346 + 288 impressions). Handing it off rather than excluding it on merit — flagged so it is not lost between pillars."
שירותי פיתוח ווב (GSC: 37 impr/89d @ pos 93.0) · פיתוח api · חיבור api מה זה,he,EXCLUDED,Skip,None,automation,,,,,,,"Belongs to the web-development pillar, which now has a restored /services/web-development page to receive it. 'חיבור api מה זה' is additionally definitional. Handed off, not scored here."
Any query containing weblinks.co.il or ביטויים ללא נפחי חיפוש,he,EXCLUDED,Skip,None,automation,,,,,,,"Applied the CONTEXT.md bot-noise rule. 7 such rows exist in gsc-queries-89d.tsv (a competitor's rank-tracker output pasted into Google). I verified with grep that 0 of them fall inside this pillar's stems, so no row here needed scrubbing — recording the check so the next phase does not have to repeat it."
מיתוג (bare) / מיתוג ל… / מיתוג לאירועים / מיתוג ליום הולדת / מיתוג לבר מצווה / מיתוג לחלאקה / מיתוג לשבת חתן / מיתוג למסיבת רווקות / מיתוג לרכב,he,EXCLUDED,Skip,None,branding-local,,,,,,,"WRONG MEANING — the decisive finding of this phase. Google autocomplete (hl=iw&gl=il) for the bare word מיתוג returns, in order: מיתוג ליום הולדת, מיתוג, מיתוג לבר מצווה, מיתוג לעסקים, מיתוג לבת מצווה, מיתוג אישי, מיתוג לשבת חתן, מיתוג לחלאקה, מיתוג לאירועים, מיתוג אירועים. In Israeli Hebrew מיתוג overwhelmingly means personalised PARTY AND EVENT DECOR — printed balloons, banners and giveaways. Exactly one of twenty suggestions across both prefix seeds is corporate identity. This independently explains Phase 2's Trends result (מיתוג עסקי at relative index 0-1): the visible מיתוג market is party supplies. Never target an unqualified מיתוג string."
מוצרי מיתוג לעסקים / מיתוג מוצרים לעסקים,he,EXCLUDED,Skip,None,branding-local,,,,,,,"WRONG SERVICE. Both returned by autocomplete for seed מיתוג לעסקים (2 of its 5 total strings). These are promotional merchandise — branded pens, mugs, apparel — not identity design. Even the business-qualified branding term is ~40% wrong-service."
עיצוב לוגו / לוגו לעסק / עיצוב לוגו לעסק מחיר / עיצוב לוגו חינם / עיצוב לוגו ai / עיצוב לוגו בקנבה,he,EXCLUDED,Skip,None,branding-local,,,,,,,"DIY AUDIENCE, confirmed from Google's own demand data rather than only the SERP. Autocomplete for עיצוב לוגו: חינם, ai, לעסק, חינם להורדה, חינם ai, בקנבה, בעברית, מחיר, לחתונה — five of nine are free/AI/Canva. Autocomplete for לוגו לעסק adds micro-verticals: ציפורניים, שיפוצים, עוגות, קוסמטיקה. Phase 2 found 119 ₪ logo mills and DIY generators owning the SERP; the demand side matches. This buyer will never pay agency rates."
קורס מיתוג דיגיטלי / קורס מיתוג עסקי / סוכנות דיגיטל דרושים,he,EXCLUDED,Skip,None,branding-local,,,,,,,STUDENTS AND JOB SEEKERS. קורס מיתוג דיגיטלי is one of only THREE strings in the entire autocomplete expansion of מיתוג דיגיטלי — a third of that term's suggestion set is a course. סוכנות דיגיטל דרושים ('digital agency vacancies') is in the top 10 for סוכנות דיגיטל. Neither audience buys.
עיצוב UX UI / חברת עיצוב UX UI / עיצוב חוויית משתמש,he,EXCLUDED,Skip,None,branding-local,,,,,,,"SKIP on two independent grounds. (1) Incumbents are dedicated UX studios and an enterprise integrator (Malam Team), not general agencies — topical authority is stacked against a generalist. (2) Heavy course/career contamination; a course page (onlinegraphic.co.il/bat-yam-web-development-course/) even ranked on the Bat Yam SERP. Confirmed first-party: /blog/ux-ui-design-conversions (668 words) returns ZERO rows in the 304-row 12-month GSC query-page export — it has never earned a recorded impression."
בניית אתרים בחינם / בניית אתרים חינם / בניית אתרים wix / בניית אתרים בai / בניית אתרים בוורדפרס / בניית אתרים בזול / לימוד בניית אתרים / לימודי בניית אתרים / בניית אתרים לילדים,he,EXCLUDED,Skip,None,branding-local,,,,,,,"DIY, and this is the dominant share of the whole בניית אתרים pool. Autocomplete for the prefix 'בניית אתרים ב' returns six free/DIY/Wix/AI strings in its top ten. Google Trends related-queries (geo IL) puts בניית אתרים בחינם at Trends: relative index 100 — the single largest related query to בניית אתרים is the free one — with בניית אתרים חינם at 28, wix at 11, wix בניית אתרים at 10, בניית אתרים וורדפרס at 9, לימוד בניית אתרים at 8, לימודי בניית אתרים at 4, בניית אתרים לילדים at 16."
בניית אתרים בחולון / בניית אתרים בעיר חולון / קידום אתרים בחולון (as a page target),he,EXCLUDED,Skip,None,branding-local,,,,,,,NO DEMAND TO BUILD FOR. Three independent Google sources agree: autocomplete for 'בניית אתרים בחולון' returns ZERO across a full 48-probe alphabet expansion; the term appears nowhere in the Trends related-query set for בניית אתרים; and GSC shows קידום אתרים בחולון at 1 impr/89d @ pos 94.0 with no בניית אתרים בחולון row at all. Phase 2 called Holon 'conditional — build only with a named local client'; the demand data says do not build it even then. Claim Holon as a GBP service area instead.
בניית אתרים תל אביב / סוכנות דיגיטל תל אביב / בניית אתרים בראשון לציון / בניית אתרים ברמת גן,he,EXCLUDED,Skip,None,branding-local,,,,,,,"DOORWAY-PAGE RISK WITH NO OFFSETTING DEMAND. Aiterra has no address, no client and no truth in any of these cities, and תל אביב appears ZERO times in the 255-row GSC query export. Autocomplete: 'בניית אתרים תל אביב' returns only a self-echo, 'בניית אתרים ראשון לציון' returns ZERO. A near-duplicate page differing only by city name is a Google spam-policy violation, not a strategy. The policy-clean substitute is GBP service areas."
גוש דן / בניית אתרים בגוש דן,he,EXCLUDED,Skip,None,branding-local,,,,,,,"ZERO DEMAND, and the site already has a page proving it. גוש דן appears ZERO times in the 255-row GSC query export and ZERO times in the Trends related set. /blog/web-development-gush-dan (883 words — 35% LONGER than the Bat Yam page that ranks 15.6) appears ZERO times in the 304-row 12-month query-page export. Israelis say גוש דן in traffic reports, not when hiring an agency. Recommend a 301 into the Bat Yam post."
כרטיס עסק דיגיטלי / כרטיס עסקי דיגיטלי / כרטיס עסקי כאל / כרטיס עסקי ישראכרט / כרטיס עסקי מקס,he,EXCLUDED,Skip,None,branding-local,,,,,,,WRONG MEANING. Returned by autocomplete for the bare seed כרטיס עסק. The כאל/ישראכרט/מקס variants are business CREDIT CARDS; כרטיס עסק דיגיטלי is an NFC digital business card. Both are different products with different buyers. Only ever target the בגוגל-qualified strings.
חברות עיצוב מוצר,he,EXCLUDED,Skip,None,branding-local,,,,,,,"WRONG SERVICE. GSC: 2 impr/12mo @ pos 95.5 on /services/branding — one of only two queries that page has ever earned an impression on. עיצוב מוצר is industrial/product design, which Aiterra does not sell. Its presence is a symptom of how little Google understands that page, not an opportunity."
עיצוב גרפי בת ים / גרפיקאי בת ים,he,EXCLUDED,Skip,None,branding-local,,,,,,,"NO SEARCH DEMAND. Both return ZERO autocomplete suggestions. Worth noting that d.co.il DOES run free Bat Yam categories for 'גרפיקאים וסטודיו לגרפיקה' and 'גרפיקה - עיצוב גופנים וסמלי לוגו' — so claim the free directory slots, but do not write a page for the query."
עיר האתרים בניית אתרים,he,EXCLUDED,Skip,None,branding-local,,,,,,,COMPETITOR BRAND NAVIGATION. GSC: 5 impr/89d @ pos 84.2. 'עיר האתרים' is a rival company name (Trends: relative index 6 in the בניית אתרים related set). Navigational branded traffic for someone else.
מידרג / מידרג אינסטלטור / מידרג חשמלאי (as keyword targets),he,EXCLUDED,Skip,None,branding-local,,,,,,,"NOT A KEYWORD OPPORTUNITY, AND A CAVEAT ON PHASE 2'S RECOMMENDATION TO JOIN. Autocomplete for מידרג returns: אינסטלטור, טכנאי מזגנים, מזגנים, חשמלאי, הובלות, הנדימן, טלפון, טכנאי מקררים, צבעי — not one digital or web term. Midrag's supply side does carry web categories, but its demand side is home trades. The pay-on-success model caps the downside so joining is still defensible, but rank it below d.co.il and b144 rather than as a peer."
קידום מקומי / קידום עסק מקומי בגוגל / ביקורות בגוגל לעסק / אימות כרטיס עסק בגוגל,he,EXCLUDED,Skip,None,branding-local,,,,,,,"NO AUTOCOMPLETE EXISTENCE — all four return ZERO suggestions. 'Local SEO' as a Hebrew phrase is essentially not searched; Israelis search the city name or the GBP term instead. Relevant because /blog/local-seo-small-business (775 words) is built on this framing and has earned exactly 1 impression in 12 months, on a junk query (seo-simple.co.il). It also duplicates a GBP H2 from the far stronger google-business-profile-guide."
קידום אתרים לאדריכלים / קידום אתרים לרואי חשבון / קידום אתרים לסוכני ביטוח / קידום אתרי תיירות,he,EXCLUDED,Skip,None,branding-local,,,,,,,"OUT OF PILLAR SCOPE, not out of value. These are vertical-SEO queries (GSC: 16/10/1/8 impr @ pos 89-98) and belong to an SEO or industry pillar. Flagged so branding-local does not claim them and they do not get lost."
הנגשת אתרים / הנגשת אתרים מחיר / הצהרת נגישות / תקן נגישות אתרים,he,EXCLUDED,Skip,None,branding-local,,,,,,,"REAL DEMAND BUT A DIFFERENT PILLAR — excluded here only to prevent double-counting. This is the healthiest cluster I touched (הנגשת אתרים returns 10 autocomplete suggestions incl. מחיר, חוק, בחינם; הצהרת נגישות returns 10), Aiterra has two posts on it, and GSC shows 5568 @ pos 55.0 and הנגשת אתרים מחיר @ pos 63.0. The one accessibility row I DID keep (חברה להנגשת אתרים, pos 21.0) is kept because GSC attributes it to the Bat Yam local page."
Queries containing 'weblinks.co.il' or 'ביטויים ללא נפחי חיפוש',he,EXCLUDED,Skip,None,branding-local,,,,,,,"BOT NOISE — a competitor's rank-tracker output pasted into Google, per CONTEXT.md. Removed from all counts in this table."
"'make web search for the following query: …' · '""צריך אתר תדמית"" -site:reddit.com -site:twitter.com …' · '""מכירים בונה אתרים"" -site:… ' · '""בונה אתרים לעסק קטן"" -site:…' · 'מילות מפתח חיפושים חודשיים מיקום התחלתי 01.01.25 23.01.25'",he,EXCLUDED,Skip,None,branding-local,,,,,,,"ADDITIONAL BOT/TOOL NOISE NOT LISTED IN CONTEXT.md — a new finding, ~21 impressions. The first group are LLM research agents: 'make web search for the following query:' is a literal agent instruction leaking into the query log, and the '-site:reddit.com -site:twitter.com …' chains are the standard research-agent exclusion pattern. Exclude from keyword scoring in every pillar. Worth knowing separately that they rank at position 1.0-3.6 — Aiterra IS being surfaced to AI research agents, which is a small genuine AEO signal."
ביקורות על aiterra agency,he,EXCLUDED,Skip,None,branding-local,,,,,,,"BRANDED, so not a keyword target — but the most important row I found and it must not be silently dropped. GSC: 18 impr/89d @ pos 2.4 with ZERO clicks. Eighteen people searched for reviews of Aiterra in 89 days, Google put the site second, and nobody clicked, because there is no review content, Organization.sameAs is [], and no GBP surfaced in 21 Phase 2 probes plus mine. This single row is the Midrag entry gate (average client rating > 9) failing before it is attempted, and it is a conversion problem, not a ranking one."
